household_id,home_zone_id,income,hhsize,HHT,auto_ownership,num_workers
1,23432,225000,4,1,1,2
2,23432,-1,2,1,1,2
3,23432,17500,2,1,1,2
4,17451,87500,1,1,1,1
5,23509,42500,1,1,1,1
6,28830,30000,1,1,0,1
7,3871,30000,1,1,1,1
8,23509,-1,1,1,1,1
9,14828,42500,2,1,2,1
10,21307,125000,2,1,1,2
11,8493,125000,2,1,1,2
12,8493,225000,2,1,1,2
13,61313,42500,1,1,2,1
14,744,225000,2,1,1,2
15,33091,87500,1,1,0,1
16,33091,225000,2,1,0,2
17,4866,30000,1,1,1,1
18,577,42500,2,1,1,2
19,15980,125000,1,1,1,0
20,22648,225000,4,1,2,2
21,7392,87500,1,1,1,1
22,22426,175000,2,1,2,2
23,27201,62500,3,1,0,1
24,15943,42500,2,1,1,2
25,15943,62500,2,1,2,1
26,15943,125000,2,1,1,2
27,15943,125000,2,1,1,2
28,5139,225000,2,1,1,2
29,21457,42500,2,1,0,2
30,33401,125000,1,1,1,1
31,15992,-1,1,1,0,0
32,35745,125000,3,1,1,1
33,33301,42500,1,1,1,1
34,15440,87500,1,1,1,1
35,15859,-1,6,1,3,2
36,29311,250000,3,1,1,2
37,15985,125000,2,1,0,1
38,18337,125000,1,1,1,1
39,9301,62500,1,1,1,1
40,57631,62500,1,1,1,1
41,27486,175000,2,1,0,2
42,27486,87500,2,1,1,2
43,31525,62500,3,1,1,3
44,15153,62500,1,1,1,1
45,29144,62500,3,1,0,1
46,4354,125000,3,1,0,3
47,7106,62500,1,1,1,1
48,33604,62500,2,1,1,1
49,15437,225000,3,1,1,2
50,25634,-1,1,1,0,1
51,25634,62500,1,1,1,1
52,28983,42500,1,1,1,1
53,21158,87500,2,1,2,0
54,33218,87500,2,1,2,1
55,15975,87500,2,1,0,2
56,22080,125000,4,1,2,1
57,3285,125000,2,1,2,2
58,31233,30000,1,1,1,1
59,33078,87500,3,1,1,3
60,11596,175000,2,1,1,1
61,15619,17500,3,1,1,1
62,20407,62500,2,1,4,1
63,8763,87500,2,1,2,2
64,3864,17500,1,1,0,1
65,9778,250000,5,1,4,2
66,5849,125000,1,1,1,1
67,5849,125000,1,1,1,1
68,3892,125000,2,1,1,2
69,3892,17500,1,1,1,1
70,3892,30000,1,1,0,1
71,25925,42500,2,1,0,2
72,25925,30000,2,1,0,2
73,25925,30000,2,1,0,2
74,56053,125000,4,1,2,1
75,24496,17500,1,1,0,0
76,29541,-1,3,1,2,2
77,29541,87500,3,1,1,1
78,29541,125000,1,1,1,1
79,10924,125000,2,1,2,2
80,10924,125000,2,1,1,1
81,28362,250000,3,1,1,2
82,7704,-1,1,1,1,1
83,32658,87500,2,1,2,1
84,11618,30000,1,1,0,0
85,11618,5000,1,1,1,0
86,12573,17500,1,1,1,1
87,24239,125000,3,1,2,2
88,30456,17500,1,1,1,1
89,15908,125000,4,1,2,2
90,13112,87500,1,1,1,1
91,4136,-1,2,1,0,2
92,19336,125000,4,1,2,3
93,6153,225000,5,1,2,5
94,3894,62500,1,1,0,1
95,6153,125000,2,1,2,2
96,6153,125000,2,1,0,1
97,6153,42500,2,1,0,1
98,6153,5000,2,1,1,2
99,6153,-1,2,1,1,2
100,6153,87500,2,1,0,2
101,19136,125000,3,1,1,2
102,19157,125000,2,1,1,2
103,19157,62500,1,1,1,1
104,19157,125000,2,1,1,1
105,19157,62500,2,1,2,2
107,20615,62500,1,1,0,1
108,21457,87500,1,1,1,0
109,28850,175000,1,1,1,1
110,6906,250000,4,1,1,1
111,2907,175000,2,1,2,2
112,16511,125000,2,1,3,1
113,18807,17500,1,1,1,0
114,10961,30000,1,1,1,1
115,5849,125000,2,1,1,1
116,16176,175000,5,1,2,2
117,21935,-1,1,1,1,0
118,13170,125000,1,1,1,1
119,33320,175000,2,1,3,2
120,23695,17500,4,1,0,0
121,15683,62500,1,1,1,1
122,15683,42500,2,1,1,2
123,27237,62500,3,1,2,1
124,3386,-1,1,1,0,1
125,9407,250000,1,1,1,1
126,23975,42500,2,1,1,2
127,4371,175000,1,1,1,1
128,33997,62500,1,1,1,1
129,27094,-1,3,1,2,1
130,25634,17500,1,1,0,0
131,25634,17500,1,1,0,0
132,19126,125000,1,1,0,0
133,12384,87500,2,1,2,2
134,24321,250000,3,1,2,2
135,20544,30000,1,1,0,1
136,3406,-1,1,1,1,0
137,3406,62500,1,1,1,0
138,3406,225000,1,1,1,1
139,2546,87500,1,1,2,1
140,21893,175000,1,1,1,1
141,5804,87500,1,1,1,1
142,7973,30000,1,1,1,1
143,13932,225000,3,1,3,2
144,22442,225000,2,1,1,1
145,22442,250000,2,1,1,2
146,22442,87500,2,1,0,1
147,22442,42500,1,1,0,0
148,22442,125000,2,1,1,0
149,22442,125000,1,1,0,0
150,22442,87500,1,1,0,1
151,28618,87500,2,1,0,1
152,22442,125000,3,1,1,1
153,22442,62500,1,1,0,1
154,20462,87500,2,1,1,1
155,9504,250000,2,1,2,2
156,31377,62500,2,1,4,2
157,60968,62500,1,1,1,1
158,60968,62500,1,1,2,0
159,26119,125000,3,1,2,3
160,20665,42500,2,1,1,2
161,816,175000,2,1,1,2
162,12125,42500,2,1,2,2
163,6789,-1,3,1,1,1
164,31523,87500,4,1,2,2
165,940,-1,2,1,3,0
166,23515,62500,1,1,0,1
167,23515,175000,2,1,1,2
168,4120,17500,1,1,0,1
169,29160,-1,4,1,2,2
170,12628,30000,1,1,0,1
171,4369,62500,1,1,1,1
172,4369,62500,3,1,2,2
173,573,87500,3,1,3,2
174,871,42500,1,1,1,0
175,871,87500,1,1,1,1
176,15451,5000,1,1,0,0
177,15451,17500,2,1,0,0
178,15451,17500,1,1,0,1
179,3894,87500,1,1,1,1
180,3894,87500,2,1,0,2
181,3894,87500,1,1,0,1
182,3894,-1,2,1,0,2
183,3894,42500,1,1,0,1
184,3894,-1,2,1,0,1
185,3894,62500,1,1,1,1
186,3894,175000,2,1,1,2
187,65474,125000,2,1,3,2
188,30216,125000,2,1,2,2
189,227,175000,2,1,1,2
190,18631,30000,1,1,0,0
191,24494,225000,2,1,2,2
192,550,87500,3,1,1,1
193,16429,-1,1,1,1,1
194,24347,62500,1,1,1,1
195,30169,87500,1,1,1,1
196,11546,42500,2,1,2,2
197,13934,42500,2,1,1,2
198,6656,87500,1,1,1,1
199,59846,125000,2,1,3,2
200,14631,125000,6,1,2,2
201,33075,-1,1,1,1,1
202,35782,42500,4,1,1,0
203,35782,62500,2,1,1,1
204,35782,125000,4,1,1,1
205,35782,87500,2,1,2,2
206,6672,17500,1,1,1,1
207,14629,125000,3,1,1,2
208,465,175000,2,1,2,2
209,4897,42500,2,1,1,2
210,34164,125000,3,1,3,1
211,8387,42500,1,1,1,0
212,29133,17500,1,1,1,0
213,1768,62500,1,1,1,1
214,1768,87500,1,1,1,1
215,34626,-1,2,1,0,2
216,33264,87500,2,1,1,2
217,33264,125000,2,1,1,2
218,21331,225000,1,1,1,1
219,3731,225000,3,1,1,1
220,21464,17500,1,1,0,1
221,58197,225000,4,1,2,1
222,8427,175000,1,1,1,1
223,11108,125000,3,1,1,2
224,27217,30000,2,1,1,1
225,27217,62500,1,1,1,1
226,15433,62500,2,1,1,1
227,15433,17500,1,1,1,0
228,7699,125000,2,1,1,1
229,33525,87500,4,1,3,1
230,34887,175000,3,1,1,1
231,34887,125000,1,1,1,1
232,22123,42500,2,1,2,2
233,23087,225000,4,1,3,2
234,11613,42500,1,1,1,1
235,4147,250000,1,1,0,1
236,4147,17500,1,1,1,1
237,4147,250000,2,1,1,2
238,4147,225000,1,1,1,1
239,4147,87500,1,1,0,1
240,21444,125000,2,1,1,1
241,21818,87500,1,1,1,1
242,5354,125000,2,1,1,0
243,55001,175000,3,1,2,2
244,16218,225000,2,1,2,2
245,20040,125000,4,1,2,2
246,58252,42500,3,1,2,1
247,1189,225000,2,1,3,2
248,12600,175000,2,1,2,2
249,4680,87500,1,1,1,1
250,13169,42500,2,1,1,2
251,4863,87500,2,1,1,2
252,25894,17500,1,1,1,1
253,33557,30000,1,1,0,1
254,33074,42500,4,1,2,0
255,5888,87500,2,1,3,2
256,5410,62500,2,1,2,0
257,12237,-1,1,1,1,1
258,26141,62500,4,1,2,2
259,22145,42500,1,1,0,1
260,27159,17500,1,1,0,1
261,3871,175000,2,1,1,2
262,61423,125000,1,1,1,0
263,32543,17500,1,1,0,1
264,24474,62500,1,1,1,1
265,60982,125000,2,1,2,1
266,11082,-1,2,1,1,2
267,55780,-1,5,1,2,1
268,55502,5000,1,1,1,0
269,26120,30000,3,1,4,2
270,34164,225000,3,1,1,2
271,34164,125000,1,1,1,1
272,19983,87500,1,1,1,1
273,19983,250000,1,1,1,1
274,19983,175000,3,1,0,1
275,2903,87500,2,1,1,2
276,58888,87500,2,1,2,2
277,19387,62500,5,1,1,2
278,2910,62500,1,1,0,1
279,20618,125000,1,1,0,1
280,20950,125000,2,1,1,0
281,22152,42500,1,1,1,0
282,15975,17500,1,1,1,1
283,20238,87500,1,1,1,1
284,20238,125000,1,1,1,1
285,25454,-1,2,1,2,1
286,170,125000,1,1,1,1
287,22716,42500,1,1,1,1
288,12898,-1,2,1,1,2
289,20600,42500,2,1,1,2
290,16227,62500,2,1,1,1
291,485,30000,1,1,0,1
292,485,17500,1,1,0,1
293,4691,5000,2,1,2,2
294,21436,175000,1,1,1,1
295,21436,125000,1,1,1,1
296,21436,125000,2,1,2,2
297,21436,125000,3,1,3,3
298,21436,87500,2,1,1,2
299,8203,62500,1,1,1,1
300,23525,62500,2,1,0,0
301,31236,250000,3,1,1,2
302,19318,125000,4,1,2,2
303,13934,87500,1,1,1,0
304,7945,42500,1,1,0,1
305,33011,-1,1,1,0,0
306,32542,42500,1,1,1,1
307,32542,42500,1,1,0,1
308,62360,125000,3,1,1,2
309,34627,125000,2,1,1,2
310,5154,125000,2,1,0,2
311,19100,175000,1,1,1,1
312,12556,125000,3,1,3,3
313,20457,42500,1,1,1,1
314,19243,250000,2,1,2,1
315,19451,125000,1,1,1,1
316,12377,87500,1,1,1,1
317,21014,87500,2,1,0,2
318,57618,125000,2,1,5,2
319,21893,62500,2,1,1,1
320,30446,-1,1,1,1,1
321,30446,225000,2,1,0,2
322,33863,125000,1,1,0,1
323,20740,175000,3,1,2,2
324,18646,125000,4,1,1,2
325,25019,62500,1,1,0,1
326,4369,42500,1,1,1,1
327,61066,-1,2,1,2,2
328,4369,87500,2,1,2,2
329,19114,87500,2,1,2,1
330,33320,175000,2,1,2,2
331,33320,87500,2,1,1,2
332,32480,125000,2,1,1,2
333,12904,87500,4,1,2,1
335,29657,42500,1,1,0,0
336,1648,62500,1,1,1,1
337,1648,17500,2,1,1,2
338,1648,250000,1,1,1,1
339,1648,-1,2,1,2,2
340,1648,125000,1,1,3,0
341,20955,-1,1,1,1,0
342,25219,87500,2,1,1,2
343,19031,225000,4,1,3,2
344,28834,175000,2,1,2,2
345,696,42500,4,1,1,1
346,27155,175000,2,1,1,2
347,5362,62500,2,1,1,0
348,3759,225000,2,1,2,2
349,3759,175000,2,1,2,0
350,61196,125000,1,1,1,1
351,25052,125000,2,1,2,2
352,34042,-1,2,1,2,2
353,2892,17500,1,1,0,0
354,2892,17500,1,1,0,0
355,16343,87500,2,1,2,2
356,16343,175000,2,1,2,1
357,16343,-1,1,1,1,1
358,16343,-1,3,1,0,1
359,16343,175000,2,1,1,2
360,5804,87500,4,1,2,1
361,5804,250000,2,1,2,2
362,5804,175000,1,1,0,1
363,5804,42500,1,1,1,1
364,5804,87500,2,1,2,1
365,5804,87500,1,1,1,1
366,5804,42500,1,1,1,1
367,5804,62500,3,1,1,1
368,5804,125000,2,1,1,2
369,22757,42500,1,1,0,1
370,29671,42500,2,1,0,1
371,22704,125000,1,1,1,0
372,25924,87500,2,1,2,1
373,25924,175000,1,1,1,1
374,34945,225000,3,1,2,1
375,63475,125000,4,1,2,2
376,4361,175000,1,1,1,1
377,16715,-1,2,1,1,0
378,21811,87500,1,1,0,1
379,18549,42500,1,1,0,1
380,58588,250000,2,1,3,0
381,19634,5000,4,1,0,0
382,13191,62500,1,1,1,1
383,21437,87500,1,1,1,1
384,21437,-1,1,1,1,0
385,21437,62500,1,1,1,1
386,3189,125000,2,1,1,1
387,9528,62500,1,1,0,1
388,3189,175000,2,1,0,2
389,5720,30000,1,1,0,1
390,21437,175000,2,1,2,2
391,18634,175000,2,1,1,0
392,13680,42500,2,1,0,0
393,13680,62500,1,1,0,1
394,13680,125000,2,1,1,2
395,34606,125000,2,1,1,1
396,14627,125000,3,1,1,2
397,4061,175000,2,1,2,2
398,4061,-1,1,1,0,1
399,4061,250000,1,1,0,1
400,26952,175000,3,1,1,2
401,30381,125000,1,1,2,0
402,7634,125000,1,1,1,1
403,16857,-1,1,1,1,0
404,17002,17500,1,1,1,1
405,27331,225000,2,1,1,1
406,3366,42500,1,1,1,1
407,30128,-1,2,1,2,0
408,25937,30000,1,1,1,0
409,28561,62500,1,1,1,1
410,6606,175000,2,1,0,1
411,6606,-1,1,1,1,1
412,17049,87500,4,1,1,2
413,16463,30000,1,1,1,1
414,18261,225000,1,1,1,0
415,2894,17500,1,1,0,1
416,27424,125000,1,1,1,1
417,8952,17500,1,1,1,1
418,21668,62500,1,1,1,1
419,30935,175000,2,1,2,2
420,14183,125000,1,1,1,1
421,14183,62500,2,1,1,0
422,13940,125000,3,1,1,2
423,31541,30000,2,1,1,2
424,14520,125000,2,1,2,2
425,1878,62500,1,1,1,1
426,31219,87500,2,1,2,2
427,608,87500,1,1,1,1
428,30403,225000,4,1,1,1
429,27865,125000,2,1,4,1
430,21932,42500,1,1,1,0
431,62847,87500,1,1,1,1
432,938,87500,2,1,1,1
433,11620,225000,2,1,1,0
434,65203,125000,4,1,2,4
435,849,17500,2,1,1,2
436,33098,17500,2,1,0,0
437,13191,87500,2,1,1,2
438,8804,175000,2,1,2,2
439,8804,125000,2,1,1,2
440,28370,62500,1,1,1,1
441,19131,62500,2,1,2,1
442,31522,17500,1,1,1,0
443,24813,225000,2,1,2,2
444,33301,17500,1,1,0,1
445,4354,87500,2,1,1,2
446,23739,87500,1,1,1,1
447,13139,125000,2,1,1,1
448,11620,-1,2,1,1,2
449,11620,250000,1,1,1,1
450,11620,62500,2,1,1,1
451,22716,87500,1,1,1,1
452,1349,125000,3,1,2,2
453,32274,42500,2,1,1,2
454,25628,62500,1,1,1,1
455,25860,125000,2,1,4,2
456,31283,17500,2,1,1,0
457,12525,125000,2,1,3,1
458,17523,225000,3,1,2,1
459,23679,62500,1,1,1,1
460,23679,62500,2,1,1,2
461,23101,250000,4,1,2,1
462,27728,225000,2,1,1,2
463,33077,125000,2,1,2,2
464,29653,125000,1,1,1,1
465,7944,62500,2,1,1,2
466,15847,5000,2,1,1,1
467,15847,-1,1,1,1,0
468,15847,-1,4,1,1,1
469,30985,30000,2,1,1,0
470,30985,225000,2,1,3,0
471,30985,-1,2,1,1,0
472,30985,-1,1,1,1,0
473,30985,250000,1,1,1,0
474,30985,225000,1,1,1,1
475,30985,250000,1,1,1,1
476,30985,250000,2,1,1,1
477,15998,125000,2,1,1,2
478,16187,42500,3,1,1,3
479,17049,62500,2,1,2,1
480,21972,225000,4,1,2,2
481,25863,5000,3,1,1,0
482,10321,62500,2,1,0,2
483,24492,175000,2,1,2,2
484,65106,-1,1,1,0,0
485,33321,17500,1,1,0,1
486,33321,125000,1,1,0,1
487,62110,62500,3,1,2,2
488,7971,62500,1,1,1,0
489,13673,62500,1,1,0,1
490,27206,62500,2,1,1,1
491,27481,250000,1,1,1,1
492,1479,17500,3,1,1,1
493,29881,175000,2,1,1,2
494,15451,5000,1,1,0,0
495,15451,62500,1,1,0,1
496,5035,175000,2,1,2,2
497,23547,87500,2,1,2,2
498,7635,87500,1,1,0,1
499,27749,250000,3,1,1,2
500,61834,250000,5,1,3,1
501,12098,5000,2,1,1,1
502,65929,125000,2,1,2,0
503,17042,62500,1,1,1,1
504,873,175000,3,1,1,2
505,21930,250000,1,1,1,1
506,18015,62500,2,1,1,2
507,19358,250000,2,1,3,2
508,20407,125000,4,1,2,1
509,15988,62500,1,1,0,1
510,55121,125000,3,1,3,3
511,56209,125000,1,1,1,1
512,21822,87500,2,1,1,1
513,20615,17500,2,1,2,2
514,18631,5000,1,1,1,1
515,29353,-1,3,1,2,2
516,5569,62500,2,1,1,2
517,801,87500,2,1,2,0
518,1648,125000,1,1,0,1
519,1648,5000,2,1,0,2
520,1648,175000,2,1,1,2
521,6811,87500,1,1,1,0
522,27200,250000,2,1,2,1
523,29951,225000,3,1,1,2
524,21935,87500,1,1,1,1
525,33077,62500,1,1,1,1
526,746,250000,2,1,1,2
527,746,125000,1,1,1,1
528,746,125000,1,1,0,1
529,15942,125000,1,1,1,1
530,23489,87500,1,1,1,1
531,2901,125000,1,1,0,1
532,25327,87500,1,1,0,1
533,25327,62500,1,1,1,1
534,25327,42500,2,1,1,1
535,25327,30000,1,1,0,0
536,37878,42500,5,1,3,3
537,37376,62500,3,1,3,2
538,46592,5000,3,1,1,0
539,45227,-1,2,1,4,0
540,50147,30000,2,1,1,1
541,50480,30000,3,1,2,1
542,49864,62500,1,1,1,1
543,43265,175000,2,1,3,1
544,52633,62500,3,1,2,3
545,41594,175000,3,1,2,2
546,36775,250000,2,1,6,0
547,38872,17500,3,1,2,1
548,48854,175000,4,1,5,2
549,51692,62500,1,1,1,1
550,46835,42500,1,1,1,0
551,49760,17500,1,1,1,0
552,41440,87500,1,1,1,1
553,33487,175000,2,1,1,0
554,36572,62500,2,1,1,2
555,39041,42500,1,1,0,1
556,41439,62500,2,1,2,2
557,38105,62500,2,1,2,0
558,41109,125000,1,1,1,0
559,42729,62500,5,1,2,2
560,46579,30000,4,1,1,1
561,45222,125000,1,1,1,1
562,43895,42500,2,1,1,2
563,54666,-1,1,1,0,1
564,54061,125000,2,1,3,2
565,41405,62500,4,1,2,0
566,42011,42500,1,1,1,1
567,42908,125000,1,1,1,1
568,46533,42500,2,1,2,2
569,37797,125000,2,1,5,1
570,40071,125000,2,1,2,2
571,37112,87500,2,1,1,2
572,38105,42500,1,1,1,1
573,38806,-1,2,1,2,0
574,46592,62500,1,1,1,0
575,45138,5000,1,1,1,0
576,45915,17500,1,1,1,0
577,49864,62500,2,1,2,1
578,45751,62500,2,1,4,1
579,40384,125000,2,1,2,1
580,41165,30000,2,1,1,2
581,54908,87500,2,1,1,0
582,45132,87500,2,1,1,2
583,52937,175000,2,1,2,2
584,47511,42500,2,1,2,0
585,46978,125000,2,1,3,0
586,37714,87500,2,1,2,2
587,38269,30000,2,1,4,0
588,45814,125000,2,1,1,1
589,46349,-1,3,1,2,2
590,43795,5000,2,1,1,0
591,46020,-1,2,1,4,2
592,42781,225000,6,1,3,3
593,42165,87500,5,1,3,1
594,51653,-1,2,1,1,0
595,40319,87500,3,1,1,2
596,35882,17500,2,1,1,1
597,38229,250000,2,1,2,0
598,39021,-1,2,1,2,0
599,38692,62500,5,1,3,1
600,36597,62500,2,1,2,2
601,45959,30000,1,1,1,1
602,50381,87500,5,1,2,3
603,44012,87500,2,1,4,1
604,51044,62500,1,1,2,0
605,47112,175000,4,1,2,2
606,36753,30000,1,1,1,1
607,40969,30000,1,1,1,0
608,48306,-1,1,1,2,0
609,37567,175000,4,1,2,1
610,52806,62500,2,1,3,2
611,53685,125000,2,1,2,0
612,52725,17500,2,1,1,2
613,44591,87500,1,1,1,1
614,45903,125000,2,1,1,2
615,44784,125000,4,1,3,1
616,46414,125000,2,1,2,2
617,49734,125000,2,1,3,2
618,35998,62500,3,1,1,2
619,38954,87500,2,1,1,2
620,46862,62500,8,1,3,3
621,52474,30000,1,1,1,1
622,51463,125000,2,1,2,1
623,47946,17500,1,1,1,1
624,39853,62500,1,1,3,0
625,38121,30000,1,1,1,1
626,37440,17500,1,1,2,0
627,45074,125000,2,1,2,0
628,50280,125000,1,1,1,1
629,41160,17500,1,1,1,1
630,52253,87500,1,1,1,1
631,48990,17500,1,1,1,1
632,49617,62500,3,1,1,1
633,39256,175000,2,1,3,0
634,38638,87500,2,1,3,2
635,37797,125000,3,1,1,1
636,54235,250000,2,1,2,0
637,52056,62500,1,1,1,0
638,41139,42500,2,1,2,1
639,36224,-1,5,1,2,1
640,51564,42500,2,1,1,1
641,49864,125000,4,1,4,3
642,48545,225000,5,1,3,1
643,51287,62500,2,1,2,0
644,53228,175000,2,1,4,1
645,39221,175000,1,1,2,0
646,39124,87500,1,1,1,1
647,45992,42500,3,1,1,1
648,42933,87500,4,1,4,0
649,54066,-1,2,1,2,0
650,40281,225000,2,1,1,0
651,49678,17500,1,1,0,0
652,45031,87500,1,1,1,1
653,47842,87500,1,1,1,1
654,47842,17500,1,1,0,1
655,52267,17500,2,1,2,0
656,47842,-1,1,1,1,0
657,47844,62500,3,1,1,1
658,50387,-1,1,1,1,0
659,47716,-1,1,1,1,0
661,38159,125000,2,1,3,0
662,37749,175000,2,1,4,2
663,39746,-1,3,1,3,2
664,54864,87500,4,1,2,1
665,44003,125000,2,1,2,0
666,53864,62500,5,1,2,4
667,51899,87500,1,1,1,1
668,53723,87500,1,1,1,1
669,49785,62500,2,1,1,2
670,48628,125000,2,1,2,1
671,50684,87500,3,1,1,2
672,42777,42500,2,1,2,2
673,47673,87500,4,1,2,0
674,37161,62500,4,1,2,1
675,54779,125000,3,1,2,1
676,48213,17500,1,1,1,0
677,46588,62500,1,1,1,0
678,39735,62500,2,1,2,1
679,37489,87500,2,1,5,0
680,36580,125000,2,1,2,2
681,46062,250000,4,1,3,2
682,40711,175000,2,1,2,1
683,47972,175000,3,1,3,2
684,36866,42500,1,1,1,1
685,51083,87500,1,1,1,1
686,42328,87500,2,1,2,1
687,48213,42500,1,1,1,1
688,41965,87500,1,1,1,1
689,52888,42500,2,1,1,1
690,52545,175000,2,1,3,2
691,16000,17500,1,1,1,1
692,36911,-1,6,1,2,3
693,36918,125000,2,1,2,1
694,42543,87500,2,1,2,0
695,53746,87500,2,1,3,2
696,52474,17500,1,1,1,0
697,42533,62500,2,1,1,0
698,52647,17500,1,1,1,0
699,43906,42500,1,1,2,1
700,50613,42500,2,1,1,2
701,49175,-1,3,1,2,0
702,41395,62500,3,1,4,3
703,49852,-1,2,1,2,2
704,62997,125000,2,1,1,2
705,38057,250000,2,1,3,1
706,42592,225000,2,1,4,2
707,54590,175000,3,1,2,1
708,46811,125000,2,1,3,2
709,53145,62500,3,1,2,2
710,47722,125000,4,1,5,2
711,36840,42500,2,1,1,0
712,38591,87500,3,1,1,1
713,50506,42500,2,1,2,0
714,49462,5000,1,1,2,0
715,46967,62500,3,1,2,2
716,52474,5000,1,1,0,0
717,40600,-1,1,1,1,1
718,50117,62500,8,1,2,2
719,50674,-1,2,1,2,1
720,37465,175000,3,1,2,2
721,41468,30000,3,1,1,0
722,53271,30000,5,1,0,3
723,48944,62500,1,1,1,0
724,42079,225000,4,1,2,2
725,46601,17500,1,1,1,0
726,53942,125000,2,1,4,0
727,41344,17500,2,1,1,1
728,46898,87500,3,1,1,1
729,43614,-1,2,1,2,0
730,39392,42500,2,1,2,0
731,37743,125000,2,1,2,2
732,37743,175000,2,1,1,1
733,50711,17500,1,1,1,1
734,49446,62500,1,1,1,1
735,49395,225000,5,1,2,2
736,36476,42500,1,1,1,1
737,48694,42500,2,1,1,1
738,38479,-1,2,1,2,0
739,37090,225000,2,1,5,2
740,52773,-1,4,1,1,2
742,49995,42500,7,1,2,1
743,47909,87500,1,1,1,1
744,37208,125000,2,1,1,2
745,41477,42500,1,1,1,1
746,43036,42500,3,1,0,1
747,36655,125000,3,1,2,2
748,36667,125000,5,1,2,1
749,36371,42500,1,1,1,0
750,52800,42500,2,1,2,1
751,47842,62500,3,1,2,2
752,49467,125000,2,1,2,2
753,51351,-1,4,1,4,2
754,35852,87500,2,1,2,2
755,45970,175000,3,1,3,3
756,50008,125000,4,1,4,3
757,49738,87500,2,1,1,1
758,37809,250000,4,1,2,1
759,44012,125000,4,1,2,2
760,45128,87500,2,1,1,2
761,48582,30000,1,1,1,0
762,50674,-1,2,1,2,0
763,54767,125000,4,1,3,1
764,40576,5000,6,1,0,1
765,39155,125000,2,1,2,0
766,36893,30000,2,1,2,2
767,41503,250000,2,1,3,0
768,45958,62500,1,1,2,0
769,50312,125000,2,1,3,1
770,41434,175000,2,1,2,1
771,41449,87500,2,1,2,2
772,50803,62500,2,1,1,1
773,52540,225000,1,1,2,1
774,54335,87500,2,1,4,2
775,39648,175000,2,1,2,0
776,39199,87500,1,1,1,1
777,43885,62500,4,1,2,3
778,50907,62500,4,1,2,2
779,44388,30000,1,1,1,1
780,46329,17500,1,1,1,1
781,53174,62500,2,1,3,2
782,38567,87500,2,1,2,0
783,42002,125000,2,1,2,2
784,37196,-1,2,1,2,2
785,52402,17500,3,1,2,2
786,46571,17500,3,1,1,2
787,47856,87500,1,1,1,1
788,51946,17500,2,1,0,1
789,52937,30000,1,1,1,1
790,47613,87500,1,1,1,1
791,48576,17500,3,1,2,1
792,12656,175000,1,1,1,1
793,12656,-1,2,1,1,1
794,12656,125000,1,1,1,1
795,36766,-1,4,1,2,1
796,51516,125000,5,1,2,2
797,54115,250000,2,1,2,2
798,42024,87500,2,1,2,1
799,41777,175000,2,1,2,2
800,41189,62500,2,1,2,2
801,50729,62500,1,1,1,1
802,45565,-1,2,1,1,1
803,49468,87500,2,1,3,1
804,53844,62500,1,1,1,0
805,42282,62500,2,1,2,1
806,38356,125000,2,1,4,1
807,38245,125000,2,1,1,0
808,36284,87500,1,1,0,1
809,36384,87500,2,1,2,2
810,43838,125000,1,1,1,1
811,44893,42500,2,1,2,2
812,49206,42500,1,1,2,1
813,50631,87500,4,1,3,3
814,38041,17500,1,1,1,0
815,36580,62500,4,1,3,1
816,46920,125000,1,1,3,0
817,42917,-1,2,1,2,2
818,51865,87500,3,1,2,2
819,36820,87500,1,1,1,1
820,38232,17500,1,1,1,0
821,47511,62500,1,1,2,1
822,38037,87500,2,1,2,1
823,37924,62500,1,1,1,1
824,54730,62500,2,1,2,2
825,43801,-1,2,1,1,2
826,54730,62500,1,1,1,1
827,54387,125000,2,1,2,2
828,41593,-1,1,1,1,0
829,40259,175000,2,1,3,1
830,43368,87500,4,1,2,2
831,35989,62500,2,1,1,1
832,44639,125000,2,1,2,0
833,43992,42500,1,1,1,0
834,49552,125000,2,1,2,2
835,49547,17500,1,1,0,1
836,46418,42500,2,1,2,1
837,31373,42500,4,1,2,2
838,37564,125000,2,1,2,0
839,36680,87500,3,1,2,2
840,46981,125000,1,1,1,1
841,51516,125000,5,1,2,2
842,51944,62500,2,1,2,1
843,40490,125000,3,1,3,3
844,42402,-1,2,1,2,0
845,41310,42500,2,1,1,1
846,45553,175000,1,1,2,0
847,43629,-1,3,1,2,1
848,41964,62500,1,1,2,0
849,51206,175000,3,1,3,3
850,40281,175000,2,1,1,0
851,48530,-1,2,1,3,0
852,43277,125000,1,1,1,1
853,50147,62500,5,1,2,2
854,52494,17500,1,1,0,0
855,54535,125000,2,1,7,2
856,48146,-1,2,1,2,0
857,40415,125000,3,1,2,2
858,41261,30000,1,1,1,1
859,41261,42500,1,1,1,1
860,41370,87500,1,1,1,1
861,42400,62500,2,1,1,2
862,48259,42500,2,1,1,0
863,45304,30000,1,1,1,0
864,40691,125000,4,1,2,2
865,42331,62500,2,1,1,1
866,45142,125000,2,1,2,2
867,40837,62500,2,1,3,1
868,52344,-1,2,1,0,0
869,48788,87500,5,1,1,1
870,47076,87500,6,1,3,2
871,51943,42500,1,1,1,0
872,41583,17500,2,1,0,0
873,41583,5000,2,1,0,0
874,41302,125000,2,1,2,0
875,53230,87500,3,1,2,1
876,47268,62500,2,1,2,2
877,48412,87500,1,1,2,1
878,51878,17500,2,1,1,1
879,51433,62500,4,1,2,2
880,36857,42500,1,1,1,1
881,39507,62500,2,1,1,2
882,44026,17500,1,1,1,1
883,40530,125000,1,1,1,1
884,51026,62500,2,1,2,2
885,51362,125000,3,1,3,2
886,36819,175000,2,1,1,2
887,36819,62500,1,1,1,1
888,38948,125000,3,1,5,1
889,37835,42500,1,1,1,1
890,38773,62500,1,1,1,1
891,54821,30000,2,1,1,2
892,40571,87500,2,1,1,1
893,46978,125000,4,1,2,1
894,37757,125000,3,1,1,1
895,51528,-1,2,1,4,1
896,54183,42500,2,1,1,0
897,40887,125000,4,1,3,2
898,40100,42500,2,1,2,1
899,39279,175000,2,1,3,0
900,40775,87500,4,1,2,3
901,53619,87500,2,1,2,2
902,49769,62500,1,1,1,1
903,52108,225000,2,1,4,1
904,49786,-1,1,1,0,0
905,41624,87500,3,1,3,2
906,35922,42500,2,1,3,2
907,42261,125000,2,1,2,0
908,46597,17500,1,1,0,0
909,41999,250000,2,1,2,2
910,43820,87500,3,1,4,0
911,36016,17500,1,1,2,0
912,37748,125000,2,1,4,2
913,39015,62500,1,1,1,1
915,40699,42500,1,1,1,1
916,42311,-1,1,1,1,1
917,46939,225000,2,1,2,0
918,46836,87500,3,1,2,2
919,41624,17500,2,1,2,0
920,49385,125000,7,1,3,1
921,17914,87500,2,1,1,1
922,6275,125000,2,1,2,2
923,22736,62500,3,1,1,2
924,31232,225000,2,1,2,1
925,17115,62500,1,1,1,1
926,10824,62500,3,1,0,1
927,10824,175000,2,1,1,2
928,10824,30000,1,1,1,1
929,7977,87500,3,1,1,2
930,15433,62500,1,1,1,1
931,25627,30000,1,1,0,0
932,25627,62500,2,1,1,2
933,33588,30000,1,1,1,1
934,13940,42500,1,1,1,0
935,29881,225000,2,1,1,2
936,29919,-1,2,1,2,0
937,11352,30000,1,1,1,0
938,11352,87500,1,1,1,1
939,27797,87500,1,1,3,1
940,3185,87500,1,1,1,1
941,61771,5000,1,1,1,0
942,16188,125000,1,1,1,1
943,793,125000,2,1,1,2
944,23976,30000,1,1,2,0
945,19009,62500,2,1,1,2
946,7743,125000,1,1,1,1
947,25858,175000,2,1,2,2
948,29189,125000,1,1,1,1
949,22421,87500,4,1,2,2
950,28044,225000,1,1,2,1
951,18086,42500,1,1,1,1
952,12624,17500,1,1,1,0
953,31750,225000,1,1,1,1
954,27163,225000,2,1,1,2
955,25242,225000,4,1,2,2
956,16188,62500,1,1,1,1
957,20955,62500,1,1,1,1
958,58609,125000,2,1,1,2
959,25941,175000,4,1,2,2
960,7963,125000,1,1,1,1
961,33301,62500,1,1,1,1
962,33301,-1,1,1,1,1
963,33301,62500,1,1,1,1
964,13710,225000,3,1,2,2
965,31711,125000,1,1,1,1
966,24536,62500,1,1,1,1
967,20377,42500,2,1,3,1
968,412,125000,2,1,1,1
969,15136,17500,1,1,0,0
970,27205,62500,1,1,0,1
971,28032,250000,3,1,2,2
972,34349,175000,2,1,1,2
973,23509,175000,2,1,2,2
974,14656,5000,1,1,1,1
975,14656,42500,1,1,1,0
976,14656,30000,1,1,1,1
977,14656,62500,4,1,1,2
978,14656,87500,4,1,2,2
980,16468,125000,4,1,2,1
981,437,125000,3,1,2,2
982,16690,125000,3,1,2,2
983,16716,17500,1,1,0,1
984,19884,125000,1,1,1,1
986,28882,125000,2,1,1,2
987,5166,62500,2,1,1,1
988,26119,87500,2,1,2,2
989,13172,62500,1,1,0,0
990,25857,17500,1,1,1,0
991,6314,250000,1,1,1,1
992,8600,87500,1,1,1,1
993,26753,87500,1,1,1,1
994,20606,175000,3,1,1,2
995,16857,42500,2,1,1,1
996,34342,42500,1,1,0,1
997,25618,42500,1,1,1,1
998,25618,17500,1,1,0,1
999,15680,175000,1,1,1,1
1000,20942,62500,2,1,1,2
1001,16192,42500,1,1,1,1
1002,15989,42500,1,1,0,1
1003,3865,-1,1,1,0,0
1004,23673,17500,1,1,0,1
1005,13171,125000,2,1,2,2
1006,14680,250000,5,1,2,2
1007,3109,125000,2,1,5,2
1008,614,87500,2,1,2,1
1009,29166,125000,2,1,2,2
1010,59703,62500,1,1,1,1
1011,13571,125000,2,1,2,0
1012,22124,175000,3,1,2,2
1013,23729,-1,1,1,1,0
1014,33663,125000,2,1,2,0
1015,27345,87500,2,1,2,0
1016,6604,5000,1,1,0,0
1017,28578,175000,2,1,1,2
1018,28578,225000,2,1,1,2
1019,16429,87500,1,1,1,1
1020,28035,250000,2,1,2,1
1021,1235,175000,3,1,3,1
1022,13114,-1,2,1,1,2
1023,13114,175000,2,1,1,1
1024,60075,87500,2,1,3,0
1025,12907,125000,1,1,0,1
1026,12907,42500,2,1,1,2
1027,12907,17500,1,1,0,1
1028,7107,17500,1,1,1,0
1029,20407,42500,1,1,1,1
1030,18634,250000,1,1,1,1
1031,18633,175000,2,1,0,2
1032,20035,-1,1,1,1,1
1033,20463,175000,2,1,1,2
1034,20463,-1,2,1,1,2
1035,3608,-1,1,1,0,0
1036,3608,87500,1,1,0,1
1037,25292,250000,1,1,1,1
1038,18632,17500,1,1,0,1
1039,13870,30000,2,1,2,0
1040,29651,125000,3,1,1,2
1041,29651,225000,2,1,0,2
1042,21007,125000,1,1,1,1
1043,9529,-1,2,1,0,1
1044,9529,225000,1,1,0,1
1045,14944,42500,1,1,0,1
1046,14944,5000,1,1,0,1
1047,14944,62500,2,1,0,2
1048,14944,17500,1,1,0,0
1049,14944,30000,1,1,0,0
1050,14944,42500,1,1,0,1
1051,14944,17500,1,1,0,0
1052,30397,30000,1,1,1,1
1053,20462,175000,2,1,2,2
1054,34339,125000,2,1,1,2
1055,58172,125000,1,1,1,1
1056,5124,62500,4,1,1,1
1057,24042,125000,2,1,1,2
1058,24496,30000,1,1,0,1
1059,64468,5000,1,1,1,1
1060,7975,175000,2,1,1,1
1061,17548,62500,1,1,1,1
1062,15154,-1,1,1,1,1
1063,15154,250000,2,1,1,2
1064,19703,250000,1,1,2,0
1065,29670,125000,3,1,0,2
1066,29670,125000,3,1,2,2
1067,23517,87500,1,1,1,1
1068,55121,87500,4,1,2,2
1069,35815,250000,3,1,2,2
1070,28989,175000,1,1,1,1
1071,30329,87500,2,1,1,2
1072,30329,5000,1,1,1,0
1073,30329,87500,4,1,1,1
1074,11193,125000,4,1,2,1
1075,16473,-1,4,1,1,2
1076,34339,62500,2,1,2,2
1077,29581,87500,3,1,2,2
1078,14654,42500,1,1,0,1
1079,19150,125000,2,1,1,2
1080,7743,87500,2,1,2,2
1081,4160,5000,1,1,0,0
1082,4160,30000,1,1,0,1
1083,27157,30000,1,1,0,0
1084,21005,62500,2,1,1,2
1085,21005,87500,1,1,0,1
1086,7184,87500,3,1,2,2
1087,58436,175000,2,1,3,2
1088,19111,175000,2,1,1,2
1089,21926,125000,1,1,1,1
1090,3391,-1,1,1,0,0
1091,3391,-1,1,1,1,1
1092,19466,125000,1,1,1,1
1093,19828,175000,3,1,2,2
1094,2425,87500,2,1,1,2
1095,55204,62500,2,1,1,2
1096,57375,30000,2,1,2,2
1097,21965,17500,2,1,1,0
1098,21465,225000,2,1,1,2
1099,21465,225000,2,1,1,2
1100,62840,87500,2,1,2,2
1101,10319,175000,2,1,1,1
1102,7724,125000,2,1,1,2
1103,7724,125000,2,1,1,2
1104,6657,125000,1,1,0,1
1105,17036,42500,3,1,1,1
1106,7957,-1,3,1,1,1
1107,14668,175000,2,1,2,2
1108,14668,125000,2,1,2,2
1109,21461,62500,1,1,1,1
1110,14641,62500,1,1,0,1
1111,30406,125000,1,1,1,0
1112,11740,17500,2,1,1,1
1113,13168,42500,1,1,0,1
1114,13168,62500,1,1,1,1
1115,11752,87500,4,1,1,1
1116,16857,42500,2,1,1,2
1117,3391,30000,1,1,0,0
1118,3391,30000,1,1,0,1
1119,3391,30000,1,1,0,1
1120,61598,125000,3,1,4,2
1121,27101,250000,1,1,1,1
1122,27101,-1,2,1,1,2
1123,27101,87500,3,1,2,2
1124,27101,-1,1,1,1,1
1125,27101,125000,2,1,2,2
1126,27101,125000,2,1,2,1
1127,27101,125000,1,1,1,1
1128,28342,62500,1,1,0,1
1129,13571,-1,1,1,1,1
1130,13571,225000,2,1,2,2
1131,13571,175000,1,1,1,1
1132,13571,125000,2,1,2,2
1133,13571,87500,2,1,1,2
1134,13571,-1,1,1,1,1
1135,13571,175000,2,1,0,1
1136,17273,125000,4,1,1,1
1137,1438,62500,1,1,1,0
1138,1438,125000,2,1,2,1
1139,24216,87500,2,1,1,2
1140,24216,30000,3,1,1,1
1141,32718,42500,2,1,1,1
1142,15576,225000,4,1,2,2
1143,23524,-1,2,1,2,2
1144,10058,-1,2,1,1,0
1145,21169,125000,1,1,1,0
1146,21169,87500,2,1,1,0
1147,21169,125000,2,1,0,0
1148,21169,30000,1,1,1,0
1149,10058,175000,1,1,1,0
1150,10058,-1,1,1,1,0
1151,15466,250000,4,1,2,2
1152,31541,125000,2,1,2,2
1153,31541,-1,1,1,1,1
1154,4413,250000,2,1,2,1
1155,16210,175000,2,1,2,2
1156,20743,87500,2,1,3,2
1157,6277,42500,4,1,2,2
1159,24265,42500,1,1,1,1
1160,23136,125000,4,1,2,1
1161,33265,87500,2,1,0,1
1162,17049,5000,1,1,0,0
1163,9782,62500,1,1,1,1
1164,9782,30000,1,1,1,0
1165,21975,175000,2,1,2,2
1166,4162,17500,1,1,0,0
1167,3402,125000,3,1,2,1
1168,16687,87500,2,1,1,1
1169,5085,125000,1,1,1,1
1170,25460,87500,1,1,1,1
1171,15492,62500,1,1,1,0
1172,6649,125000,4,1,2,1
1173,10694,87500,2,1,2,2
1174,25001,42500,2,1,2,2
1175,24474,30000,2,1,1,2
1176,24474,-1,1,1,0,0
1177,26015,250000,4,1,2,2
1178,65491,125000,3,1,3,2
1179,27208,125000,1,1,1,1
1180,10824,5000,1,1,2,1
1181,29672,30000,1,1,1,1
1182,30645,175000,2,1,2,2
1183,15688,87500,1,1,0,1
1184,15688,125000,1,1,1,1
1185,30959,62500,2,1,1,2
1186,25947,125000,4,1,2,2
1187,28807,42500,2,1,1,2
1188,28807,62500,2,1,0,1
1189,9232,175000,2,1,1,2
1190,5124,62500,1,1,1,1
1191,17453,17500,1,1,1,1
1192,7945,5000,1,1,2,0
1193,2593,-1,2,1,2,2
1194,2593,-1,1,1,2,1
1195,13171,125000,2,1,0,2
1196,793,17500,1,1,1,0
1197,65467,125000,8,1,2,2
1198,22658,62500,2,1,1,1
1199,14948,62500,1,1,1,1
1200,14948,42500,2,1,1,2
1201,34607,30000,2,1,2,2
1202,22736,175000,1,1,1,1
1203,13416,62500,1,1,1,1
1204,56594,175000,5,1,2,1
1205,19989,175000,3,1,2,1
1206,16179,62500,1,1,1,1
1207,8564,-1,2,1,3,2
1208,55487,125000,2,1,4,2
1209,5634,175000,4,1,2,2
1210,33878,-1,1,1,0,1
1211,35745,-1,3,1,2,2
1212,11615,225000,2,1,2,2
1213,27430,175000,4,1,2,2
1214,16247,87500,2,1,1,2
1215,9798,-1,2,1,2,2
1216,21932,17500,2,1,1,2
1217,14633,175000,3,1,2,1
1218,19133,175000,2,1,2,2
1219,19389,125000,2,1,2,2
1220,17539,42500,1,1,1,1
1221,2409,62500,1,1,1,1
1223,12055,125000,3,1,3,0
1224,12055,125000,1,1,1,1
1225,12055,225000,2,1,2,2
1226,12055,62500,2,1,1,2
1227,12055,125000,2,1,3,1
1228,12055,175000,1,1,0,1
1229,14176,125000,1,1,0,1
1230,7704,125000,1,1,1,1
1231,25945,62500,1,1,1,0
1232,25945,-1,2,1,0,0
1233,65025,17500,1,1,1,1
1234,34099,87500,2,1,1,2
1235,9782,62500,2,1,1,2
1236,13168,125000,1,1,1,1
1237,13168,125000,1,1,1,1
1238,8261,30000,2,1,1,1
1239,23686,125000,2,1,2,2
1240,58868,175000,4,1,2,1
1241,604,42500,1,1,0,1
1242,604,62500,1,1,1,1
1243,32532,250000,2,1,0,2
1244,32532,225000,1,1,0,1
1245,17144,42500,2,1,1,2
1246,7862,62500,4,1,2,2
1247,65756,17500,1,1,1,0
1248,19113,62500,1,1,1,1
1249,33519,87500,1,1,1,1
1250,8256,225000,3,1,2,1
1251,25864,62500,4,1,1,1
1252,11275,62500,2,1,1,2
1253,11275,87500,2,1,1,1
1254,28311,250000,2,1,2,2
1255,58166,125000,3,1,2,2
1256,28311,125000,2,1,1,2
1257,4369,225000,1,1,1,0
1258,4369,42500,1,1,0,1
1259,4369,125000,2,1,2,2
1260,4369,87500,1,1,1,1
1261,4369,62500,1,1,1,1
1262,4369,62500,1,1,1,1
1263,4369,87500,1,1,1,1
1264,24574,125000,1,1,1,1
1265,20942,125000,2,1,1,0
1266,9961,42500,1,1,2,1
1267,25867,62500,1,1,1,0
1268,25867,42500,2,1,1,2
1270,29388,42500,1,1,0,1
1271,12383,250000,3,1,2,2
1272,59747,62500,2,1,2,2
1273,61938,225000,2,1,2,2
1274,18601,125000,1,1,1,1
1275,20950,42500,1,1,1,1
1276,4361,87500,1,1,0,1
1277,33589,225000,2,1,2,2
1278,30215,87500,1,1,1,1
1279,1686,87500,4,1,2,1
1280,34108,5000,1,1,0,0
1281,22331,175000,6,1,3,2
1282,63833,87500,2,1,3,0
1283,1759,87500,4,1,1,1
1284,1759,175000,1,1,1,1
1285,1759,125000,2,1,2,2
1286,1759,125000,2,1,1,1
1287,1759,250000,3,1,1,3
1288,30715,-1,2,1,3,2
1289,7191,-1,3,1,2,1
1290,29163,125000,2,1,2,2
1291,10824,175000,2,1,0,1
1292,25973,87500,3,1,2,1
1293,32321,62500,1,1,0,1
1294,32321,17500,2,1,0,0
1295,59554,62500,2,1,1,2
1296,18341,250000,4,1,2,2
1297,17420,175000,3,1,1,1
1298,25809,-1,2,1,4,2
1299,20946,250000,2,1,3,2
1300,25227,-1,1,1,0,1
1301,25227,42500,2,1,2,2
1302,25227,-1,1,1,0,1
1303,24321,175000,2,1,1,2
1304,4748,225000,2,1,1,1
1305,19111,62500,2,1,1,2
1306,56670,62500,7,1,5,3
1307,6385,30000,2,1,1,2
1308,10325,125000,1,1,1,1
1309,29355,125000,2,1,1,2
1310,29355,-1,2,1,1,2
1311,21013,-1,2,1,0,1
1312,21013,225000,3,1,1,1
1313,21013,125000,2,1,1,2
1314,21013,-1,2,1,1,2
1315,12828,87500,2,1,2,1
1316,23682,250000,3,1,2,2
1317,20248,125000,2,1,1,2
1318,8461,5000,2,1,1,0
1319,62793,42500,3,1,2,0
1320,25619,5000,2,1,0,1
1321,3871,62500,2,1,1,2
1322,61270,175000,2,1,2,2
1323,4125,42500,2,1,1,0
1324,4125,30000,1,1,1,0
1325,60866,62500,1,1,1,1
1326,4369,-1,1,1,1,1
1327,58900,-1,2,1,2,2
1328,23017,125000,2,1,2,2
1329,1057,30000,1,1,2,1
1330,62407,62500,4,1,2,1
1331,7676,87500,2,1,2,1
1332,2913,125000,2,1,1,2
1333,20614,125000,2,1,1,2
1334,30715,87500,2,1,2,1
1335,30479,42500,2,1,1,0
1336,5149,-1,2,1,2,2
1337,34050,125000,1,1,0,1
1338,21811,-1,2,1,2,2
1339,21811,125000,2,1,2,2
1340,874,62500,1,1,3,1
1341,9780,125000,2,1,2,1
1342,9780,87500,1,1,1,1
1343,18348,62500,1,1,1,1
1344,29070,125000,2,1,1,2
1345,62313,175000,4,1,2,2
1346,65384,87500,2,1,3,1
1347,21321,175000,2,1,1,2
1348,25055,62500,4,1,1,3
1349,9780,125000,2,1,1,2
1350,27486,250000,2,1,0,2
1351,7164,5000,1,1,1,0
1352,1648,250000,2,1,1,2
1353,1648,175000,1,1,1,1
1354,15960,62500,2,1,2,2
1355,16225,62500,2,1,2,2
1356,10321,87500,2,1,1,2
1357,27092,87500,1,1,1,1
1358,10241,17500,2,1,1,1
1359,21972,250000,3,1,1,1
1360,599,225000,4,1,2,2
1361,10540,175000,2,1,1,2
1362,10540,62500,2,1,1,2
1363,10540,62500,3,1,1,1
1364,10540,225000,1,1,1,1
1365,21319,125000,1,1,0,1
1367,8804,175000,3,1,2,1
1369,28834,87500,1,1,1,1
1370,21448,250000,1,1,1,1
1371,15702,175000,3,1,2,2
1372,9299,225000,2,1,2,2
1373,19537,-1,2,1,1,2
1374,61700,62500,2,1,2,1
1375,60563,30000,1,1,1,1
1376,6668,62500,4,1,2,2
1377,21324,125000,1,1,1,0
1378,21858,125000,2,1,2,2
1379,63304,62500,2,1,1,1
1380,14826,87500,2,1,1,1
1381,14826,125000,3,1,2,2
1382,9832,17500,2,1,2,2
1383,24022,42500,2,1,2,1
1384,28304,87500,1,1,0,1
1385,9832,125000,4,1,2,3
1386,32658,125000,3,1,3,1
1387,27201,225000,2,1,2,2
1388,2894,125000,2,1,2,2
1389,12600,87500,2,1,2,2
1390,6992,-1,3,1,2,2
1391,18867,62500,1,1,1,1
1392,21088,30000,1,1,1,1
1393,29833,-1,4,1,2,2
1394,12624,17500,2,1,1,1
1395,35499,125000,2,1,2,2
1396,25073,225000,1,1,2,1
1397,9460,125000,2,1,2,2
1398,33047,175000,2,1,2,1
1399,16525,42500,1,1,1,1
1400,16525,30000,3,1,3,1
1401,11108,87500,3,1,2,1
1402,21120,225000,2,1,2,2
1403,7744,30000,1,1,1,1
1404,16189,125000,3,1,1,2
1405,4360,30000,1,1,1,1
1406,63906,42500,1,1,1,1
1407,1629,250000,4,1,3,2
1408,26124,62500,2,1,2,0
1409,64560,125000,2,1,4,0
1410,61263,175000,2,1,2,1
1411,23392,175000,2,1,3,1
1412,22673,125000,2,1,1,2
1413,19363,62500,1,1,0,1
1414,26150,30000,1,1,1,0
1415,24041,250000,2,1,2,2
1416,21157,125000,2,1,2,2
1417,65540,250000,2,1,2,2
1418,5917,17500,1,1,0,1
1419,5917,42500,1,1,1,1
1420,30750,125000,1,1,1,1
1421,21386,225000,4,1,2,1
1422,9832,62500,1,1,0,1
1423,18806,87500,1,1,1,1
1424,18806,87500,1,1,1,1
1425,13139,42500,1,1,1,1
1426,13139,62500,1,1,1,1
1427,19172,42500,2,1,2,1
1428,60262,-1,4,1,3,1
1429,8805,30000,1,1,1,1
1430,35648,30000,1,1,1,1
1431,7735,30000,2,1,1,2
1432,7735,42500,1,1,0,1
1433,19380,87500,1,1,1,1
1434,7699,125000,2,1,1,2
1435,7699,125000,2,1,2,2
1436,2907,42500,2,1,1,2
1437,28516,125000,2,1,2,2
1438,21594,225000,2,1,5,1
1439,18634,250000,4,1,2,2
1440,12417,250000,3,1,1,2
1441,12417,250000,3,1,1,2
1442,21437,17500,3,1,3,3
1443,437,175000,3,1,2,2
1444,30749,87500,1,1,1,1
1445,12573,-1,1,1,1,1
1446,14274,125000,4,1,2,4
1447,65473,175000,2,1,3,2
1448,5119,125000,4,1,2,2
1449,18621,175000,1,1,1,1
1450,14631,225000,3,1,2,2
1451,60951,175000,2,1,3,2
1452,19824,125000,2,1,2,2
1453,33011,-1,2,1,2,1
1454,33328,125000,1,1,0,1
1455,21636,87500,1,1,1,1
1456,21636,125000,2,1,1,2
1457,63698,17500,4,1,2,1
1458,7173,225000,2,1,1,2
1459,13173,250000,2,1,0,2
1461,24284,87500,2,1,1,0
1462,25858,-1,3,1,2,3
1463,14654,87500,1,1,1,1
1464,20407,17500,1,1,1,1
1465,26445,125000,2,1,2,2
1466,25300,62500,1,1,1,1
1467,7735,42500,1,1,0,1
1468,25300,-1,1,1,0,0
1469,2904,175000,1,1,1,1
1471,10893,87500,2,1,2,2
1472,3305,17500,1,1,0,0
1473,11264,-1,2,1,3,0
1474,20035,30000,1,1,1,0
1475,20461,87500,2,1,2,0
1476,18582,-1,2,1,2,0
1477,8745,225000,1,1,1,1
1478,9408,125000,3,1,2,1
1479,21666,125000,1,1,1,1
1480,57619,17500,1,1,1,1
1481,32324,17500,1,1,0,0
1482,11905,62500,1,1,3,1
1483,21008,87500,2,1,0,2
1484,7962,175000,4,1,2,1
1485,17469,125000,2,1,1,2
1486,8773,125000,1,1,0,1
1487,17550,125000,1,1,0,1
1488,17550,42500,2,1,1,2
1489,17550,125000,1,1,1,1
1490,25897,-1,2,1,0,2
1491,64587,-1,1,1,1,1
1492,11082,125000,2,1,0,2
1493,11082,125000,2,1,0,2
1494,23975,87500,2,1,1,2
1495,31873,62500,1,1,2,1
1496,503,-1,2,1,2,0
1497,3189,42500,1,1,0,1
1498,13416,42500,2,1,1,1
1500,13762,125000,2,1,3,2
1501,12904,42500,1,1,1,1
1502,4583,62500,2,1,1,2
1503,11596,125000,2,1,2,2
1504,25627,225000,2,1,1,2
1505,20035,42500,1,1,0,1
1506,32326,42500,2,1,1,1
1507,32326,42500,1,1,1,1
1508,33326,62500,1,1,0,1
1509,17472,30000,1,1,1,1
1510,4146,17500,1,1,0,1
1511,4146,5000,1,1,0,0
1512,7636,250000,2,1,0,1
1513,3195,17500,1,1,0,0
1514,2601,-1,2,1,2,2
1515,33286,125000,2,1,2,2
1516,2779,175000,3,1,3,2
1517,59641,17500,1,1,1,0
1518,13823,225000,2,1,2,2
1519,5633,42500,2,1,2,2
1520,21811,30000,1,1,0,1
1521,29672,175000,2,1,1,0
1522,34606,125000,2,1,1,2
1523,21997,62500,3,1,3,3
1524,34339,42500,2,1,0,2
1525,61445,125000,2,1,1,2
1526,8049,250000,4,1,2,2
1527,23356,225000,4,1,3,2
1528,31895,-1,3,1,2,1
1529,28974,62500,2,1,1,1
1530,845,175000,4,1,2,2
1531,12560,30000,2,1,2,2
1532,34796,125000,4,1,2,2
1533,9949,125000,4,1,3,1
1534,17263,62500,1,1,1,1
1535,23781,125000,1,1,1,1
1536,34099,62500,1,1,1,1
1537,13923,225000,2,1,1,2
1538,19873,225000,3,1,1,1
1539,8743,87500,2,1,2,2
1540,8743,125000,2,1,1,2
1541,8743,62500,2,1,0,2
1542,8743,42500,1,1,1,1
1543,8743,175000,2,1,1,2
1544,8743,125000,1,1,1,1
1545,57451,87500,2,1,2,1
1546,23686,125000,3,1,2,1
1547,242,17500,1,1,1,0
1548,5309,-1,1,1,1,0
1549,18869,87500,1,1,1,1
1550,27491,125000,2,1,0,2
1551,27500,125000,1,1,2,1
1552,27203,42500,1,1,1,1
1553,59053,175000,2,1,2,2
1554,28479,125000,2,1,4,0
1555,21462,175000,2,1,0,2
1556,60089,87500,2,1,2,0
1557,13171,175000,2,1,1,2
1558,2904,62500,1,1,1,1
1559,5157,5000,1,1,0,0
1560,21171,250000,2,1,1,2
1561,21171,175000,1,1,1,1
1562,21265,62500,2,1,1,1
1563,23714,175000,4,1,2,2
1564,5150,62500,1,1,1,1
1565,2899,17500,1,1,1,1
1566,62588,87500,4,1,3,2
1567,25053,225000,4,1,2,2
1568,11315,250000,2,1,1,2
1569,14522,250000,4,1,4,2
1570,19157,125000,4,1,3,4
1571,21808,225000,2,1,2,2
1572,8457,-1,2,1,4,1
1573,64953,125000,4,1,4,1
1574,13114,62500,1,1,0,1
1575,14084,225000,4,1,2,2
1576,29304,125000,2,1,2,1
1577,5086,125000,2,1,1,2
1578,33275,42500,1,1,1,1
1579,25900,-1,1,1,0,0
1580,23739,175000,1,1,1,1
1581,23739,250000,2,1,2,2
1582,23739,250000,2,1,2,2
1583,23739,225000,2,1,2,1
1584,7720,175000,1,1,1,1
1585,7720,125000,1,1,1,1
1586,15983,125000,1,1,0,1
1587,3879,125000,1,1,1,1
1588,62814,175000,1,1,1,1
1589,30114,62500,2,1,2,2
1590,11059,250000,3,1,2,2
1591,11059,62500,3,1,1,0
1592,1938,-1,2,1,2,0
1593,27201,42500,2,1,1,2
1594,27201,5000,2,1,0,0
1595,29189,125000,2,1,1,2
1596,29189,42500,2,1,0,1
1597,19658,62500,1,1,2,1
1598,64651,125000,2,1,2,0
1599,7944,87500,1,1,1,1
1600,7944,225000,2,1,1,2
1601,20618,175000,4,1,1,2
1602,22985,-1,2,1,2,2
1603,30759,175000,2,1,1,2
1604,9509,175000,2,1,1,2
1605,33301,62500,2,1,2,2
1606,33301,-1,1,1,1,1
1607,33301,62500,2,1,2,2
1608,33301,30000,2,1,1,2
1609,27205,125000,3,1,0,1
1610,27205,42500,1,1,0,1
1611,14450,175000,1,1,1,1
1612,32324,175000,1,1,0,1
1613,27345,225000,4,1,2,2
1614,28030,42500,1,1,1,1
1615,62471,87500,3,1,3,2
1616,28362,62500,1,1,0,1
1617,31228,125000,2,1,0,1
1618,2236,175000,4,1,3,3
1620,3305,125000,2,1,1,1
1621,3305,-1,2,1,1,1
1622,3305,125000,2,1,1,1
1623,27201,5000,2,1,0,1
1624,2911,125000,1,1,1,1
1625,16687,175000,2,1,1,2
1626,27160,87500,2,1,1,1
1627,4356,125000,1,1,1,1
1628,22276,125000,2,1,2,0
1629,7623,125000,3,1,3,3
1630,20040,175000,4,1,2,2
1631,9941,42500,1,1,1,1
1632,30677,42500,3,1,4,1
1633,32292,125000,3,1,1,1
1634,20042,62500,2,1,1,2
1635,9647,125000,1,1,1,1
1636,13395,-1,2,1,1,2
1637,24288,42500,2,1,2,2
1638,14391,125000,1,1,1,1
1639,4142,225000,4,1,2,2
1640,23686,62500,2,1,0,2
1641,12259,-1,1,1,0,1
1642,379,17500,1,1,1,0
1643,13173,125000,2,1,1,2
1644,18634,-1,4,1,2,2
1645,11307,17500,1,1,1,1
1646,61504,87500,1,1,1,1
1647,153,125000,1,1,1,1
1648,843,125000,2,1,1,2
1649,32761,87500,1,1,1,1
1650,33323,62500,1,1,0,1
1651,21639,87500,1,1,1,1
1652,21639,87500,2,1,2,2
1653,20261,87500,3,1,1,1
1654,11930,125000,2,1,1,1
1655,11930,87500,1,1,1,1
1656,11930,125000,2,1,1,2
1657,9336,125000,2,1,2,2
1658,65843,125000,2,1,2,2
1659,13121,175000,2,1,3,0
1660,59370,125000,2,1,8,2
1661,3863,42500,1,1,1,1
1662,3863,62500,1,1,1,1
1663,23529,125000,1,1,0,1
1664,20305,-1,2,1,2,0
1665,15983,30000,1,1,0,1
1666,18868,125000,1,1,1,1
1667,9822,125000,2,1,3,2
1668,11315,30000,2,1,1,1
1669,55956,-1,2,1,1,0
1670,379,175000,3,1,1,2
1671,58088,87500,2,1,2,2
1672,19887,125000,1,1,1,1
1673,19887,125000,1,1,1,1
1674,17901,62500,1,1,1,1
1675,22716,17500,5,1,2,2
1676,33323,125000,2,1,1,2
1678,62978,125000,1,1,1,1
1679,14942,125000,1,1,1,1
1680,14942,175000,1,1,1,1
1681,3608,125000,3,1,2,2
1682,10696,5000,2,1,1,0
1683,14452,250000,2,1,0,2
1684,59454,-1,1,1,2,0
1685,8720,87500,2,1,3,2
1686,56212,42500,2,1,3,0
1687,28388,125000,2,1,2,2
1688,13452,17500,1,1,0,0
1689,18874,30000,1,1,0,1
1690,13452,30000,1,1,0,1
1691,7719,125000,2,1,1,1
1692,16218,175000,3,1,2,2
1693,5630,125000,2,1,1,1
1694,661,-1,1,1,0,1
1695,17416,-1,1,1,1,1
1696,57,87500,1,1,1,1
1697,26094,-1,1,1,0,1
1698,21952,5000,1,1,0,0
1699,6500,250000,2,1,2,0
1700,7164,-1,2,1,1,1
1701,7164,-1,1,1,1,1
1702,60656,175000,2,1,2,1
1703,7995,5000,2,1,0,1
1704,61157,87500,1,1,1,1
1705,2903,62500,2,1,1,2
1706,24858,125000,3,1,2,2
1707,16429,30000,1,1,0,1
1708,15457,125000,2,1,1,2
1709,12989,125000,4,1,2,2
1710,7509,175000,4,1,2,2
1711,33306,250000,4,1,2,2
1712,26015,175000,2,1,1,2
1713,28578,-1,2,1,1,2
1714,3430,250000,3,1,1,2
1715,32910,125000,2,1,2,0
1716,24511,225000,3,1,1,2
1717,8162,87500,2,1,2,2
1718,60562,62500,1,1,1,1
1719,21935,225000,2,1,1,2
1720,19387,-1,3,1,2,2
1721,25001,87500,2,1,1,2
1722,26139,250000,2,1,2,2
1723,9336,125000,1,1,1,1
1724,9336,17500,1,1,1,0
1726,28140,87500,4,1,2,2
1727,11059,87500,1,1,1,1
1728,1013,175000,3,1,2,2
1729,435,125000,3,1,1,2
1730,1466,250000,2,1,1,2
1731,4270,-1,3,1,3,2
1732,29881,-1,1,1,1,1
1733,32271,87500,1,1,0,1
1734,33011,175000,3,1,2,3
1735,31955,175000,2,1,2,2
1736,33589,225000,2,1,2,2
1737,58453,-1,1,1,1,1
1738,15987,87500,1,1,2,0
1739,24574,125000,2,1,1,2
1740,24574,62500,2,1,1,1
1741,24574,62500,2,1,1,2
1742,17740,125000,2,1,2,1
1743,10799,-1,2,1,2,2
1744,10982,87500,2,1,1,2
1745,10982,-1,4,1,2,1
1747,10982,125000,2,1,1,1
1748,10982,175000,3,1,2,1
1749,873,175000,1,1,1,1
1750,5401,175000,2,1,2,2
1751,30128,42500,2,1,1,1
1752,4369,42500,1,1,1,0
1753,13167,175000,3,1,0,1
1754,60773,250000,4,1,2,1
1755,34097,87500,2,1,2,2
1756,7953,125000,2,1,1,2
1757,20458,125000,1,1,1,1
1758,20458,87500,2,1,2,2
1759,14519,175000,5,1,3,2
1760,28995,225000,4,1,2,2
1761,25226,225000,3,1,1,0
1762,20745,-1,1,1,1,1
1763,6106,225000,2,1,1,2
1764,12657,17500,2,1,0,0
1765,21463,250000,2,1,1,2
1766,21463,62500,1,1,1,1
1767,12600,125000,1,1,1,1
1768,30685,175000,2,1,2,1
1769,61670,125000,2,1,2,0
1770,32534,42500,1,1,1,1
1771,32534,62500,1,1,0,0
1772,32534,42500,1,1,0,1
1773,21171,125000,1,1,0,1
1774,21171,175000,2,1,1,2
1775,32534,30000,1,1,1,1
1776,32534,30000,1,1,1,1
1777,32534,87500,1,1,0,1
1778,34871,87500,2,1,2,1
1779,33098,125000,2,1,0,2
1780,19085,175000,2,1,3,2
1781,17549,175000,2,1,1,2
1782,21843,125000,2,1,2,1
1783,34607,225000,2,1,2,2
1784,27159,125000,3,1,1,1
1785,7637,125000,1,1,1,1
1786,21465,62500,1,1,1,1
1787,28762,87500,2,1,2,2
1788,844,87500,1,1,1,1
1789,844,87500,1,1,1,1
1790,31535,125000,1,1,1,1
1791,14955,30000,2,1,0,2
1792,14955,17500,2,1,1,2
1793,3248,175000,4,1,4,4
1794,20054,175000,2,1,2,2
1795,59346,42500,2,1,2,1
1796,17878,125000,3,1,2,2
1797,5412,225000,5,1,2,2
1798,3833,-1,3,1,3,2
1799,34340,62500,1,1,0,1
1800,15086,175000,2,1,1,2
1801,21481,225000,2,1,2,2
1802,870,175000,2,1,2,2
1803,13145,175000,1,1,1,1
1804,27616,42500,2,1,0,1
1805,16551,125000,2,1,1,2
1806,23131,-1,4,1,2,2
1807,20461,62500,1,1,1,1
1808,726,175000,3,1,2,2
1809,56119,62500,1,1,1,0
1810,19713,62500,1,1,2,1
1811,21477,-1,1,1,1,0
1812,14621,125000,4,1,1,2
1813,13177,62500,2,1,1,2
1814,13144,125000,1,1,1,0
1815,24500,87500,2,1,1,2
1817,31566,62500,2,1,2,2
1818,26094,125000,1,1,2,1
1819,27057,125000,2,1,2,2
1820,25275,87500,4,1,3,4
1821,21944,125000,3,1,2,2
1822,19304,87500,1,1,1,1
1823,19304,17500,1,1,1,1
1824,62741,87500,1,1,1,1
1825,59641,125000,2,1,2,1
1827,25326,62500,2,1,1,2
1828,25326,42500,1,1,1,1
1829,34449,42500,2,1,1,1
1830,10052,-1,4,1,1,1
1831,30757,125000,3,1,1,2
1832,32290,87500,1,1,1,1
1833,12099,-1,2,1,2,2
1834,10321,125000,2,1,1,2
1835,27221,62500,2,1,0,2
1836,27221,17500,1,1,0,1
1837,27221,30000,1,1,1,1
1838,11101,42500,1,1,1,1
1839,65107,225000,2,1,6,2
1840,33439,125000,4,1,2,1
1841,14746,87500,2,1,4,2
1842,871,225000,2,1,1,2
1843,19826,42500,2,1,2,1
1844,25925,30000,1,1,1,0
1845,25925,17500,1,1,0,1
1846,25925,125000,2,1,1,2
1847,25925,62500,1,1,0,1
1848,25925,125000,1,1,0,1
1849,25925,62500,1,1,0,1
1850,25925,62500,1,1,1,1
1851,25925,62500,2,1,0,2
1852,25925,30000,1,1,0,1
1853,5085,-1,1,1,1,1
1854,32321,125000,2,1,1,0
1855,32321,250000,3,1,3,2
1856,11085,250000,1,1,1,1
1857,11085,-1,2,1,1,2
1858,32321,175000,2,1,4,2
1860,57293,225000,2,1,1,2
1861,25051,17500,2,1,1,0
1862,2892,30000,1,1,0,1
1863,14120,87500,1,1,1,1
1864,5789,62500,3,1,1,2
1865,24280,87500,2,1,1,2
1866,11864,125000,2,1,1,2
1867,24298,62500,1,1,1,1
1868,24298,42500,2,1,1,2
1869,24298,42500,1,1,0,1
1870,3193,250000,2,1,1,2
1871,3193,125000,3,1,2,3
1872,3193,250000,2,1,0,2
1873,3193,-1,2,1,1,2
1874,3193,30000,1,1,1,1
1875,24333,125000,4,1,2,2
1876,18861,42500,1,1,0,1
1877,22882,175000,2,1,3,1
1878,20035,225000,2,1,1,2
1879,7689,87500,1,1,1,0
1880,18631,-1,2,1,2,2
1881,30000,62500,1,1,1,1
1882,30000,-1,1,1,0,1
1883,30000,125000,1,1,0,1
1884,30000,87500,1,1,0,1
1885,779,125000,2,1,1,0
1886,61546,5000,1,1,1,0
1887,22883,62500,1,1,1,1
1888,62986,42500,1,1,1,1
1889,33620,-1,2,1,0,1
1890,25624,87500,1,1,0,1
1891,3759,175000,3,1,2,2
1892,4863,42500,1,1,0,0
1893,4863,125000,2,1,2,2
1894,59454,17500,1,1,1,0
1895,22673,175000,7,1,2,1
1896,25299,87500,3,1,1,2
1897,25053,17500,1,1,1,1
1898,25621,30000,2,1,1,1
1899,4863,42500,1,1,0,1
1900,6388,175000,5,1,2,1
1901,6899,30000,1,1,1,0
1902,63460,175000,5,1,2,2
1903,17451,-1,1,1,2,1
1904,27051,225000,3,1,2,1
1905,27051,-1,2,1,2,2
1906,27051,-1,2,1,2,0
1907,8769,62500,1,1,1,1
1908,55389,125000,2,1,4,2
1909,3712,87500,1,1,1,1
1910,18348,125000,2,1,2,2
1911,11085,175000,2,1,1,0
1912,17001,42500,1,1,0,1
1913,23975,125000,2,1,1,2
1914,55656,175000,3,1,2,2
1915,10314,250000,2,1,2,2
1916,10314,87500,1,1,1,1
1917,10314,225000,2,1,1,2
1918,7718,225000,1,1,0,1
1919,18817,62500,2,1,1,2
1920,14669,17500,1,1,1,0
1921,14669,5000,1,1,0,0
1922,60550,62500,3,1,2,2
1923,20601,125000,2,1,2,2
1924,30750,225000,3,1,1,1
1925,12417,175000,1,1,1,1
1926,12417,87500,1,1,1,1
1927,30432,175000,4,1,2,2
1928,12624,175000,2,1,2,2
1929,22971,62500,2,1,2,2
1930,16714,250000,2,1,2,2
1931,56609,125000,2,1,2,2
1932,15982,125000,1,1,1,1
1933,15982,125000,1,1,1,1
1934,15982,62500,2,1,1,1
1935,21469,125000,1,1,0,1
1936,379,87500,1,1,1,1
1937,21959,42500,1,1,1,1
1938,21959,87500,2,1,2,2
1939,20440,225000,3,1,3,3
1940,10953,125000,1,1,1,1
1941,10953,125000,3,1,2,2
1942,10953,125000,2,1,1,1
1943,8203,-1,4,1,2,2
1944,14440,62500,1,1,0,1
1945,59706,42500,1,1,1,1
1946,20035,125000,2,1,0,2
1947,5630,17500,2,1,2,2
1948,27406,175000,2,1,1,2
1949,3481,175000,4,1,2,2
1950,21931,62500,1,1,1,1
1951,65651,125000,4,1,2,1
1952,15635,125000,2,1,1,2
1953,18866,125000,2,1,2,2
1954,15687,62500,1,1,0,1
1955,25053,17500,2,1,0,0
1956,30719,225000,2,1,2,0
1957,22962,87500,2,1,1,1
1958,7995,30000,2,1,1,1
1959,20471,175000,2,1,5,2
1960,20210,62500,3,1,1,1
1961,13871,225000,2,1,1,2
1962,13871,125000,2,1,1,2
1963,13871,175000,2,1,1,2
1964,34034,125000,2,1,2,2
1965,27163,125000,2,1,1,2
1966,30481,125000,1,1,1,1
1967,35617,42500,2,1,2,2
1968,14948,250000,2,1,2,1
1969,33546,250000,2,1,1,1
1970,21644,62500,2,1,1,0
1971,16857,125000,1,1,1,1
1972,21543,175000,1,1,2,1
1973,25298,87500,1,1,1,1
1974,7888,175000,3,1,2,2
1975,20955,87500,2,1,2,2
1976,20955,62500,1,1,1,1
1977,9500,175000,2,1,1,1
1978,504,30000,2,1,2,1
1979,61605,42500,2,1,2,2
1980,3606,125000,2,1,2,1
1981,6672,17500,1,1,1,0
1982,55613,62500,2,1,3,0
1983,11281,42500,1,1,1,1
1984,25918,42500,1,1,1,0
1985,4362,87500,1,1,0,1
1986,10959,125000,2,1,6,0
1987,31229,250000,2,1,1,2
1988,31229,125000,1,1,1,1
1989,31229,175000,1,1,0,1
1990,8455,125000,1,1,0,1
1991,4583,30000,3,1,2,2
1993,12386,30000,1,1,0,1
1994,7623,-1,1,1,0,0
1995,16253,225000,3,1,1,2
1996,23511,87500,3,1,1,2
1997,2805,125000,2,1,1,0
1998,27312,125000,2,1,3,2
1999,9660,125000,3,1,2,1
2000,24497,250000,3,1,2,2
2001,26904,87500,2,1,1,2
2002,12904,62500,1,1,1,1
2003,15142,62500,2,1,1,1
2004,21113,250000,3,1,1,2
2005,21174,-1,5,1,1,2
2006,12599,17500,1,1,0,1
2007,18631,-1,1,1,0,0
2008,13682,87500,1,1,0,1
2009,1831,17500,1,1,1,1
2010,17144,17500,2,1,2,1
2011,13425,30000,2,1,1,1
2012,15093,125000,3,1,3,3
2013,30927,225000,3,1,2,2
2014,18338,87500,1,1,1,1
2015,27201,17500,1,1,0,1
2016,29793,175000,6,1,4,1
2017,3847,125000,3,1,1,2
2018,16073,125000,3,1,1,1
2019,11753,125000,1,1,1,1
2020,11869,175000,4,1,1,2
2021,23516,87500,1,1,1,1
2022,57709,225000,2,1,2,2
2023,31464,175000,1,1,2,1
2024,7699,42500,1,1,1,1
2025,18817,87500,2,1,1,2
2026,4748,87500,2,1,1,0
2027,27204,30000,1,1,0,1
2028,7673,5000,1,1,3,0
2029,16227,175000,2,1,1,2
2030,28304,175000,2,1,2,2
2031,56195,-1,2,1,2,2
2032,16073,175000,2,1,2,2
2033,20628,125000,1,1,0,1
2034,20628,125000,1,1,0,1
2035,20628,125000,1,1,0,1
2036,20628,225000,2,1,0,2
2037,20628,87500,1,1,1,1
2038,20628,125000,2,1,0,1
2039,20628,62500,1,1,0,1
2040,20628,87500,1,1,0,1
2041,27156,250000,2,1,0,2
2042,27156,42500,1,1,0,1
2043,27156,175000,1,1,0,1
2044,29881,62500,2,1,2,2
2045,26006,30000,2,1,1,1
2046,18807,225000,2,1,1,2
2047,23473,175000,2,1,1,1
2048,23473,250000,1,1,2,1
2049,28896,62500,2,1,2,2
2050,24566,62500,1,1,0,1
2051,64871,125000,4,1,3,2
2052,25896,17500,1,1,0,0
2053,7974,62500,2,1,2,2
2054,14668,125000,2,1,1,2
2055,14668,42500,1,1,1,1
2056,10819,17500,1,1,1,1
2057,5683,225000,2,1,1,2
2058,58351,175000,4,1,3,2
2059,20942,-1,2,1,2,1
2060,7168,17500,1,1,2,1
2061,1131,62500,1,1,1,1
2062,4369,5000,1,1,1,0
2063,4369,30000,2,1,1,0
2064,4369,42500,1,1,2,0
2065,4369,30000,1,1,1,1
2067,27224,42500,2,1,1,1
2069,17033,42500,1,1,1,1
2070,17033,87500,1,1,0,1
2071,17033,30000,1,1,0,1
2072,55290,87500,4,1,4,1
2073,11753,87500,2,1,1,2
2074,11753,62500,1,1,1,1
2075,3159,125000,2,1,2,0
2076,34804,125000,2,1,2,1
2077,9195,-1,1,1,1,0
2078,9195,-1,1,1,1,0
2079,17804,17500,1,1,1,1
2080,29978,250000,3,1,1,2
2081,22962,250000,1,1,1,1
2082,20629,5000,1,1,0,1
2083,20629,17500,1,1,1,0
2084,31511,125000,2,1,0,2
2085,32043,87500,1,1,1,1
2086,24298,175000,2,1,1,2
2087,24298,225000,2,1,1,2
2088,18598,62500,2,1,1,2
2089,342,125000,4,1,2,2
2090,26619,87500,5,1,2,2
2092,58072,225000,2,1,3,1
2093,33327,175000,1,1,0,1
2094,59582,62500,1,1,2,0
2095,12940,175000,2,1,1,2
2096,15457,62500,3,1,1,2
2097,18087,125000,2,1,0,2
2098,18218,5000,1,1,0,1
2099,379,62500,2,1,3,1
2100,12033,225000,5,1,2,1
2101,30406,125000,2,1,2,1
2102,30406,125000,2,1,2,1
2103,31833,87500,3,1,3,3
2104,9832,62500,2,1,2,2
2105,60047,17500,2,1,1,1
2106,60047,125000,2,1,1,2
2107,15445,125000,2,1,1,2
2108,24029,225000,2,1,1,2
2109,28536,250000,4,1,2,2
2110,27755,62500,3,1,0,2
2111,24502,125000,2,1,2,2
2112,25299,87500,2,1,1,2
2113,20614,-1,3,1,1,0
2114,20614,5000,3,1,0,2
2115,22767,125000,4,1,3,2
2116,59203,-1,2,1,2,2
2117,29659,250000,2,1,1,2
2118,25925,87500,1,1,0,1
2119,25925,87500,1,1,1,1
2120,20056,62500,1,1,1,1
2121,20056,175000,1,1,1,1
2122,21893,-1,1,1,1,1
2123,15437,62500,3,1,1,2
2124,29337,250000,2,1,2,0
2125,35745,250000,2,1,4,2
2126,11064,30000,1,1,1,1
2127,16690,62500,2,1,1,0
2128,14631,87500,1,1,1,1
2129,25629,17500,1,1,1,0
2130,20955,125000,2,1,1,1
2131,19993,62500,1,1,0,1
2132,15666,125000,2,1,3,2
2133,21465,87500,1,1,2,1
2134,12100,225000,4,1,2,1
2135,3391,-1,1,1,1,1
2136,3391,17500,1,1,0,1
2137,22258,87500,4,1,2,2
2138,29642,87500,1,1,1,1
2139,29642,62500,2,1,1,1
2140,34606,62500,1,1,1,1
2141,19633,125000,3,1,3,2
2142,9586,125000,2,1,2,0
2143,16429,125000,2,1,1,2
2144,60402,225000,2,1,1,2
2145,63709,125000,2,1,2,0
2146,21120,125000,3,1,2,2
2147,21598,175000,4,1,1,2
2148,16191,-1,1,1,0,1
2149,26136,62500,2,1,1,1
2150,19389,30000,1,1,1,0
2151,61878,125000,1,1,1,1
2152,25620,87500,1,1,1,1
2153,22216,175000,2,1,2,2
2154,33324,125000,1,1,0,1
2155,33324,250000,2,1,1,2
2156,10953,42500,3,1,1,1
2157,12624,62500,2,1,1,2
2158,12624,42500,1,1,1,1
2159,13171,87500,1,1,1,1
2161,55318,42500,1,1,1,0
2162,7642,62500,1,1,1,1
2163,20618,87500,2,1,2,2
2164,32150,225000,2,1,2,2
2165,25326,-1,1,1,1,0
2166,5087,87500,1,1,1,1
2167,7619,-1,2,1,3,0
2168,15689,-1,1,1,1,1
2169,20936,-1,1,1,1,1
2170,29003,175000,2,1,1,1
2171,12566,175000,1,1,1,1
2172,12566,-1,2,1,0,2
2173,5035,250000,2,1,2,2
2174,8038,42500,2,1,1,1
2175,21961,175000,2,1,2,2
2176,23217,125000,4,1,2,2
2177,33324,42500,1,1,0,1
2178,33324,42500,1,1,0,1
2179,5620,62500,1,1,0,1
2180,19501,62500,2,1,1,2
2181,28344,125000,1,1,1,1
2182,25326,125000,3,1,1,2
2183,25326,17500,1,1,2,1
2184,23258,250000,1,1,1,1
2185,23258,225000,2,1,0,2
2186,23258,-1,1,1,1,0
2187,23258,-1,1,1,1,1
2188,11307,125000,1,1,1,1
2189,11307,175000,2,1,2,2
2190,14629,125000,2,1,2,2
2191,14631,225000,5,1,1,2
2193,22953,17500,1,1,0,1
2194,379,-1,2,1,1,0
2195,1763,17500,1,1,1,0
2196,24303,87500,1,1,0,1
2197,30767,-1,1,1,1,1
2198,25075,250000,2,1,2,2
2199,31548,62500,2,1,2,2
2200,33309,125000,2,1,1,2
2201,15527,17500,2,1,1,1
2202,9315,87500,4,1,2,1
2203,21172,250000,2,1,2,2
2204,6385,17500,1,1,1,1
2205,25588,62500,1,1,1,1
2206,31071,5000,2,1,1,1
2207,31071,87500,2,1,1,1
2208,31071,87500,2,1,1,1
2209,31071,62500,1,1,1,1
2210,31071,5000,2,1,2,1
2211,23690,125000,2,1,2,1
2212,13676,125000,2,1,1,2
2213,30750,175000,2,1,1,2
2214,19389,175000,2,1,1,2
2215,5858,5000,2,1,1,0
2216,15465,225000,2,1,2,2
2217,62748,-1,2,1,1,1
2218,19361,42500,1,1,0,1
2219,19361,125000,2,1,0,0
2220,7089,42500,2,1,1,2
2221,15439,125000,1,1,0,1
2222,14668,87500,2,1,2,1
2223,9408,250000,4,1,3,1
2224,12904,62500,3,1,2,2
2225,25962,87500,2,1,2,2
2226,58461,30000,1,1,1,1
2227,25616,5000,1,1,0,0
2228,59209,-1,2,1,1,2
2229,1263,62500,1,1,1,1
2230,28884,62500,2,1,2,2
2231,29659,125000,2,1,1,2
2232,25922,42500,1,1,0,1
2233,59234,62500,4,1,1,1
2234,34607,42500,1,1,1,0
2235,3412,125000,1,1,0,0
2236,56719,125000,2,1,2,2
2237,1469,30000,2,1,1,2
2238,21457,-1,2,1,1,2
2239,13168,62500,1,1,0,1
2240,13168,87500,2,1,1,2
2241,24344,62500,2,1,1,1
2242,27202,30000,1,1,0,1
2243,3867,175000,2,1,1,2
2244,3867,87500,1,1,1,1
2245,3867,175000,1,1,1,1
2246,4709,175000,4,1,2,2
2247,18817,30000,1,1,1,1
2248,16013,125000,1,1,1,1
2249,16013,175000,2,1,0,1
2250,16013,87500,2,1,1,2
2251,16013,-1,2,1,1,0
2252,27220,62500,2,1,0,2
2253,9523,87500,1,1,1,1
2254,19884,125000,3,1,2,2
2255,11753,62500,1,1,1,1
2256,5355,87500,2,1,0,2
2257,19691,62500,1,1,0,1
2258,19691,125000,1,1,0,1
2259,19691,125000,1,1,1,1
2260,13394,62500,1,1,1,1
2261,13684,30000,2,1,0,2
2262,13684,42500,1,1,0,0
2263,19367,42500,1,1,1,1
2264,20035,-1,2,1,0,2
2265,59557,87500,2,1,1,2
2266,20955,87500,4,1,2,2
2267,496,175000,4,1,2,1
2268,10795,5000,1,1,1,1
2269,10795,62500,4,1,1,3
2270,10321,62500,3,1,3,3
2271,13934,125000,2,1,1,1
2272,33597,30000,1,1,0,1
2273,60477,17500,1,1,0,0
2274,25857,42500,1,1,0,1
2275,26136,87500,2,1,1,0
2276,62375,87500,3,1,1,1
2277,13176,87500,2,1,1,1
2278,13176,125000,1,1,1,1
2279,15987,125000,1,1,1,1
2280,2896,62500,1,1,1,1
2281,19887,125000,2,1,1,2
2282,17048,30000,1,1,0,1
2283,17048,62500,1,1,1,1
2284,17048,125000,2,1,1,2
2285,21437,42500,1,1,1,1
2286,10540,87500,1,1,0,1
2287,9798,62500,1,1,1,1
2288,11193,-1,1,1,2,1
2289,766,125000,1,1,1,1
2290,2911,87500,1,1,1,1
2291,24538,175000,2,1,1,1
2292,21316,125000,2,1,1,2
2293,23131,125000,4,1,2,1
2294,66123,-1,3,1,1,1
2295,20612,-1,3,1,0,2
2296,56016,30000,2,1,2,1
2298,32530,125000,2,1,2,2
2299,32530,-1,2,1,1,2
2300,4136,-1,2,1,1,2
2301,25480,87500,4,1,5,3
2302,18088,125000,1,1,1,1
2303,5160,125000,2,1,1,2
2304,34339,125000,1,1,0,1
2305,34339,62500,1,1,1,1
2306,34339,87500,2,1,0,2
2307,63724,87500,2,1,1,1
2308,33662,125000,2,1,2,1
2309,19887,125000,1,1,1,1
2310,57162,175000,3,1,3,1
2311,20601,30000,1,1,1,1
2312,21437,30000,1,1,0,1
2313,21437,42500,1,1,1,1
2314,21437,42500,1,1,1,1
2315,21437,42500,1,1,1,1
2316,21437,-1,1,1,0,1
2317,9900,225000,2,1,2,2
2318,65135,87500,3,1,2,2
2319,63091,-1,3,1,2,3
2320,27410,17500,5,1,1,1
2321,6277,175000,2,1,3,2
2322,29156,175000,2,1,2,2
2323,27500,125000,2,1,2,2
2324,12384,87500,2,1,1,1
2325,9833,175000,2,1,1,2
2326,16939,-1,1,1,2,0
2327,12377,42500,1,1,1,0
2328,16227,42500,1,1,0,1
2329,242,-1,1,1,1,1
2330,2913,87500,1,1,0,1
2331,2913,125000,2,1,0,2
2332,14632,125000,2,1,1,1
2333,17048,17500,2,1,2,1
2334,17048,30000,1,1,1,1
2335,33247,125000,2,1,1,2
2336,25609,87500,2,1,1,2
2337,20544,175000,2,1,0,2
2338,33090,175000,1,1,1,1
2339,15682,125000,2,1,1,2
2340,19112,62500,1,1,1,1
2341,19112,5000,1,1,1,1
2342,60391,175000,4,1,2,2
2343,15699,225000,4,1,3,2
2344,33549,175000,2,1,1,2
2345,33549,125000,2,1,2,1
2346,197,125000,3,1,3,2
2347,19349,125000,3,1,1,1
2348,27207,30000,1,1,0,1
2349,19466,225000,3,1,2,2
2350,6066,87500,1,1,1,1
2351,12099,17500,1,1,1,1
2352,25895,62500,1,1,1,1
2353,21157,87500,2,1,1,2
2354,18067,42500,2,1,1,1
2355,60204,87500,1,1,1,0
2356,4360,175000,2,1,0,2
2357,16248,175000,1,1,1,1
2358,3426,125000,3,1,1,2
2359,34606,125000,1,1,2,1
2360,8784,62500,2,1,1,2
2361,6816,125000,2,1,1,2
2362,8220,17500,1,1,0,0
2363,8220,17500,1,1,0,0
2364,55562,125000,4,1,2,2
2365,19992,5000,1,1,0,1
2366,19992,42500,1,1,1,1
2367,3182,125000,2,1,0,2
2368,3182,62500,3,1,0,2
2369,4691,17500,2,1,0,1
2370,18086,175000,1,1,1,1
2371,57267,125000,3,1,4,2
2372,16733,175000,1,1,0,1
2373,16733,125000,1,1,0,1
2374,4683,125000,2,1,2,2
2375,8224,87500,2,1,1,1
2376,63567,87500,2,1,3,1
2377,21173,87500,1,1,1,1
2378,21173,87500,1,1,1,1
2379,18814,17500,2,1,1,1
2380,7995,17500,1,1,1,0
2381,27531,62500,1,1,0,1
2382,20942,225000,2,1,2,2
2383,2432,62500,1,1,1,1
2384,28821,30000,1,1,2,0
2385,26000,62500,2,1,2,0
2386,18599,42500,1,1,1,0
2387,7636,42500,1,1,0,1
2388,3195,17500,1,1,0,0
2389,3195,62500,1,1,0,1
2390,3838,175000,1,1,0,1
2391,3838,125000,2,1,1,2
2392,3838,125000,2,1,0,1
2393,3838,62500,1,1,0,1
2394,3838,225000,2,1,1,2
2395,61673,125000,1,1,1,1
2396,62025,17500,1,1,1,0
2397,65208,17500,2,1,1,1
2398,16633,87500,1,1,1,1
2399,16176,125000,2,1,1,1
2400,28363,17500,1,1,1,1
2401,21959,42500,2,1,0,1
2402,21959,42500,5,1,1,2
2403,27458,250000,2,1,1,2
2404,32557,225000,2,1,2,2
2405,32515,125000,1,1,1,1
2406,32515,62500,2,1,1,2
2407,3865,87500,2,1,1,2
2408,12343,125000,1,1,2,1
2409,3863,42500,1,1,0,1
2410,967,225000,2,1,2,2
2411,18117,250000,4,1,1,1
2412,5878,125000,2,1,1,1
2413,35418,250000,3,1,1,2
2414,7720,175000,1,1,1,1
2415,7720,125000,2,1,2,0
2416,35272,125000,5,1,2,2
2417,21093,225000,1,1,1,0
2418,30217,62500,1,1,1,1
2419,21929,-1,2,1,2,2
2420,4053,125000,3,1,2,2
2421,1561,62500,2,1,1,2
2422,26906,125000,1,1,2,1
2423,27871,125000,2,1,2,2
2424,18844,62500,4,1,1,2
2425,2599,175000,2,1,2,2
2426,2894,62500,1,1,0,1
2427,65933,125000,2,1,1,0
2428,31212,175000,3,1,2,2
2429,25899,-1,2,1,0,2
2430,27493,62500,1,1,1,1
2431,62026,17500,1,1,1,1
2432,62026,30000,1,1,0,1
2433,5892,17500,1,1,0,1
2434,21932,5000,1,1,0,0
2435,15688,87500,2,1,1,2
2436,2896,87500,1,1,2,1
2437,13416,5000,1,1,0,0
2438,13416,62500,2,1,2,1
2439,21461,5000,1,1,0,0
2440,21461,125000,2,1,1,2
2441,5513,62500,4,1,2,2
2442,21437,62500,2,1,1,1
2443,21437,62500,1,1,0,1
2444,23742,-1,1,1,1,1
2445,12906,62500,1,1,0,1
2446,19499,17500,1,1,2,1
2447,19499,87500,1,1,1,1
2449,29379,42500,1,1,1,0
2450,23729,250000,2,1,2,2
2451,8257,250000,3,1,2,2
2452,28897,62500,1,1,1,1
2453,19502,62500,2,1,1,2
2454,19824,225000,1,1,1,1
2455,30195,-1,1,1,0,1
2456,4361,125000,1,1,0,1
2457,56402,62500,2,1,2,0
2458,2896,87500,1,1,1,1
2459,22716,62500,1,1,1,1
2460,15982,62500,2,1,1,1
2461,15982,42500,1,1,0,0
2462,28021,17500,1,1,0,1
2463,28021,62500,1,1,0,1
2464,28021,5000,1,1,0,0
2466,21014,125000,2,1,0,2
2468,14941,87500,2,1,0,2
2469,17030,125000,2,1,0,2
2470,21321,125000,4,1,2,2
2471,64088,-1,4,1,2,1
2472,5620,5000,2,1,0,2
2473,24795,87500,1,1,1,1
2474,7957,87500,1,1,1,1
2475,10692,175000,3,1,3,0
2476,34184,62500,1,1,1,1
2477,34184,175000,3,1,2,2
2478,19133,175000,2,1,2,2
2479,26254,-1,3,1,2,2
2480,27742,87500,2,1,0,2
2481,11275,62500,1,1,1,1
2482,27492,-1,2,1,1,2
2483,21671,87500,1,1,0,1
2484,21671,125000,1,1,0,1
2485,21671,62500,2,1,1,2
2486,21671,30000,1,1,1,1
2487,21671,125000,1,1,0,1
2488,21671,62500,1,1,0,0
2489,21671,42500,1,1,0,1
2490,23517,87500,1,1,0,1
2491,18623,125000,2,1,2,2
2492,13168,42500,2,1,0,1
2493,8774,175000,2,1,1,2
2494,8774,250000,1,1,0,1
2495,8774,-1,2,1,1,2
2496,8774,250000,2,1,1,2
2497,8774,250000,2,1,2,0
2498,8774,175000,1,1,1,1
2499,22933,125000,2,1,2,0
2500,11740,87500,4,1,1,1
2501,3865,5000,1,1,1,1
2502,3865,87500,1,1,0,1
2503,3865,62500,1,1,1,1
2504,12377,42500,2,1,1,1
2505,23975,175000,2,1,1,2
2506,22933,175000,1,1,1,1
2507,25628,42500,2,1,1,2
2508,23525,87500,1,1,0,1
2509,23525,250000,2,1,1,2
2510,34038,175000,2,1,2,2
2511,34038,125000,1,1,1,1
2512,34038,42500,1,1,1,1
2513,21143,62500,1,1,1,1
2514,57888,87500,2,1,1,2
2515,9526,125000,1,1,1,1
2516,9526,125000,1,1,1,1
2517,9526,87500,1,1,0,1
2518,6651,125000,2,1,0,2
2519,6651,5000,1,1,0,0
2520,6651,125000,2,1,1,2
2521,25451,87500,3,1,1,1
2522,25451,62500,2,1,2,1
2523,432,125000,1,1,1,0
2525,18698,87500,2,1,2,2
2526,34654,17500,1,1,1,0
2527,55547,5000,4,1,8,1
2528,21274,250000,2,1,2,2
2529,2825,-1,3,1,2,2
2530,13169,225000,1,1,0,1
2531,5410,125000,2,1,2,0
2532,28362,125000,2,1,0,2
2533,7422,5000,1,1,2,0
2534,4863,175000,2,1,2,2
2535,20626,175000,1,1,0,1
2536,31522,17500,1,1,0,0
2537,31522,30000,2,1,2,2
2538,31522,62500,1,1,0,1
2539,28040,30000,1,1,1,1
2540,30767,87500,1,1,1,1
2541,23781,17500,4,1,1,2
2542,25077,250000,2,1,1,2
2543,16192,125000,2,1,1,2
2544,56956,125000,3,1,6,3
2545,57279,62500,3,1,2,1
2546,3430,-1,2,1,1,2
2548,7744,30000,1,1,1,1
2549,13684,62500,1,1,1,0
2550,13695,125000,4,1,2,2
2551,35285,62500,2,1,2,2
2552,15918,175000,6,1,2,1
2553,65099,-1,2,1,2,2
2554,55524,125000,4,1,2,2
2555,7704,125000,2,1,1,2
2556,30895,30000,1,1,1,1
2557,21457,-1,2,1,1,2
2558,22441,17500,1,1,0,0
2559,3195,30000,1,1,0,1
2560,22441,30000,1,1,1,0
2561,34040,62500,1,1,0,1
2562,34040,62500,2,1,0,1
2563,34040,87500,2,1,1,1
2564,27727,175000,5,1,2,2
2565,19909,175000,1,1,1,0
2566,13165,125000,2,1,0,2
2567,25077,225000,2,1,2,2
2568,4120,42500,3,1,1,1
2569,34590,125000,1,1,1,1
2570,25924,5000,1,1,0,0
2571,60310,17500,2,1,1,1
2572,59602,87500,3,1,3,2
2573,8238,-1,2,1,1,2
2574,60377,125000,3,1,4,3
2575,34342,42500,2,1,2,2
2576,10560,175000,5,1,3,5
2577,34342,62500,1,1,0,1
2578,34342,42500,1,1,1,1
2579,15689,175000,2,1,1,2
2580,1342,125000,2,1,1,1
2581,1342,125000,1,1,1,1
2582,1342,125000,1,1,1,1
2583,1342,175000,1,1,1,1
2584,1342,250000,2,1,1,2
2585,1342,225000,4,1,4,2
2586,1342,42500,2,1,1,2
2587,21000,175000,2,1,1,2
2588,21000,225000,1,1,0,1
2589,21000,125000,1,1,1,1
2590,35700,-1,2,1,2,2
2592,23516,5000,1,1,1,1
2593,7743,62500,1,1,1,1
2594,1853,225000,3,1,5,3
2595,10963,87500,2,1,2,2
2596,7743,250000,2,1,1,2
2597,34663,175000,4,1,1,1
2598,5571,17500,1,1,1,1
2599,9804,225000,1,1,1,1
2600,9822,-1,6,1,3,2
2601,19503,30000,1,1,0,1
2602,9822,42500,2,1,2,2
2603,15440,17500,1,1,1,1
2604,15440,42500,1,1,1,1
2605,15440,125000,2,1,1,2
2606,5118,-1,3,1,1,1
2607,5621,42500,2,1,2,2
2608,20615,87500,1,1,0,1
2609,21667,42500,2,1,0,1
2610,11275,125000,1,1,1,1
2611,11275,17500,1,1,1,1
2612,32290,62500,1,1,1,1
2613,18807,125000,4,1,2,1
2614,23521,175000,1,1,1,1
2615,23521,42500,1,1,0,1
2616,15702,87500,2,1,2,2
2617,5617,-1,1,1,1,0
2618,23433,225000,2,1,2,0
2619,59572,125000,6,1,1,2
2620,13193,42500,2,1,2,1
2621,34768,125000,2,1,1,1
2622,17425,87500,3,1,1,1
2623,17425,87500,2,1,1,1
2624,4061,17500,1,1,0,1
2625,19993,125000,1,1,1,1
2626,9822,87500,1,1,1,1
2627,15109,30000,1,1,1,1
2628,12901,17500,1,1,1,0
2629,29262,225000,2,1,2,2
2630,60829,62500,6,1,2,1
2631,4107,125000,3,1,1,2
2632,64189,62500,3,1,2,2
2633,7720,250000,1,1,1,0
2634,7720,175000,2,1,1,1
2635,7720,87500,1,1,0,1
2636,9012,250000,2,1,2,2
2637,16464,-1,2,1,1,2
2638,26502,125000,1,1,1,0
2639,28317,225000,1,1,1,1
2640,14941,62500,2,1,0,2
2641,14941,225000,2,1,1,2
2642,23880,175000,3,1,4,1
2643,25918,42500,1,1,1,1
2644,34073,87500,2,1,1,2
2645,34073,87500,3,1,1,1
2646,22426,125000,2,1,2,2
2647,2900,62500,1,1,1,1
2648,3128,-1,2,1,2,2
2649,33252,125000,1,1,1,1
2650,23684,17500,1,1,0,1
2651,30217,175000,2,1,2,2
2652,27350,125000,2,1,2,2
2653,27350,125000,1,1,1,1
2654,34872,30000,1,1,1,1
2655,27350,-1,1,1,1,1
2656,27350,42500,5,1,1,3
2657,27350,125000,1,1,0,1
2658,27350,42500,1,1,0,1
2659,27350,225000,2,1,1,2
2660,34340,87500,1,1,0,1
2661,59551,62500,1,1,1,1
2662,30402,225000,2,1,1,2
2663,18086,250000,2,1,1,1
2664,63300,62500,3,1,1,1
2665,4369,-1,2,1,2,1
2666,33568,87500,2,1,1,1
2667,25895,87500,2,1,1,2
2668,26117,175000,2,1,1,2
2669,28304,42500,1,1,1,1
2670,11546,62500,1,1,1,1
2671,11546,125000,2,1,2,2
2672,7724,17500,1,1,0,1
2673,15682,250000,2,1,2,2
2674,15682,87500,1,1,1,1
2675,5863,87500,1,1,1,1
2676,24284,225000,2,1,1,2
2677,22145,62500,1,1,1,1
2678,22145,225000,2,1,1,2
2679,16687,30000,1,1,1,1
2680,19437,62500,1,1,0,0
2681,19437,175000,1,1,1,1
2682,19437,250000,2,1,1,2
2683,19437,42500,1,1,1,1
2684,19437,125000,2,1,0,2
2685,33874,5000,1,1,0,0
2686,62548,250000,5,1,3,1
2687,64372,-1,2,1,3,2
2688,9822,-1,2,1,2,2
2689,8805,125000,2,1,2,2
2690,9362,-1,3,1,2,2
2691,35661,62500,3,1,2,2
2692,33326,42500,1,1,1,1
2693,19392,62500,2,1,0,2
2694,21088,87500,1,1,1,1
2695,5531,125000,2,1,1,1
2696,5531,62500,4,1,2,1
2697,14631,125000,5,1,4,5
2698,7635,125000,2,1,1,2
2699,34606,175000,1,1,0,1
2700,33324,17500,1,1,0,1
2701,13165,62500,2,1,2,2
2702,57531,175000,4,1,2,1
2703,436,62500,2,1,2,1
2704,20615,17500,1,1,0,1
2705,20615,30000,1,1,1,1
2706,20615,-1,1,1,1,1
2707,20615,-1,1,1,0,0
2708,20615,5000,1,1,1,1
2709,2898,87500,1,1,0,1
2710,2898,175000,1,1,1,1
2711,34607,87500,1,1,1,1
2712,26894,125000,2,1,2,2
2713,13936,125000,1,1,1,1
2714,18341,87500,1,1,1,1
2715,21572,225000,2,1,2,2
2716,8770,175000,2,1,0,2
2717,8770,125000,2,1,1,2
2718,21193,125000,2,1,1,2
2719,21193,125000,2,1,2,2
2720,21193,42500,1,1,2,0
2721,31358,87500,1,1,1,1
2722,33563,175000,2,1,2,2
2723,21666,30000,2,1,0,2
2724,28832,125000,2,1,1,2
2725,28832,87500,1,1,0,1
2726,28832,87500,1,1,0,1
2727,55158,87500,4,1,1,3
2728,21593,62500,3,1,2,3
2729,34033,87500,3,1,0,1
2730,58943,175000,3,1,2,2
2731,33264,17500,2,1,1,2
2732,16511,250000,4,1,2,2
2733,29392,17500,4,1,0,1
2734,16213,125000,4,1,2,2
2735,21975,250000,2,1,1,2
2736,59463,125000,2,1,2,2
2737,12120,225000,2,1,2,2
2738,19993,125000,2,1,2,2
2740,1469,87500,1,1,1,1
2741,1469,62500,2,1,2,2
2742,64929,62500,1,1,1,0
2743,14631,125000,1,1,0,1
2744,25051,250000,2,1,1,2
2745,11352,62500,1,1,1,0
2746,17899,62500,1,1,1,1
2747,13140,17500,1,1,1,1
2748,25832,-1,1,1,1,1
2749,26443,125000,2,1,2,2
2750,33011,125000,3,1,3,1
2751,14652,62500,1,1,1,0
2752,14652,250000,2,1,2,2
2753,21306,17500,1,1,1,1
2754,12849,125000,1,1,1,1
2755,21157,125000,2,1,1,1
2756,18601,62500,1,1,1,0
2757,25637,175000,2,1,1,2
2758,27487,17500,1,1,0,1
2759,27446,30000,5,1,3,4
2760,28349,125000,2,1,1,2
2761,25608,87500,2,1,2,2
2762,24280,17500,1,1,0,1
2763,17019,30000,2,1,1,1
2764,1648,125000,1,1,1,1
2765,1648,30000,1,1,1,1
2766,1648,175000,1,1,0,1
2767,1648,125000,2,1,2,2
2768,25909,-1,1,1,1,0
2769,8713,-1,2,1,1,1
2770,31549,250000,3,1,1,2
2771,33333,-1,1,1,0,1
2772,33333,62500,2,1,1,1
2773,21309,5000,1,1,1,0
2774,27205,87500,1,1,0,0
2775,15700,30000,1,1,0,1
2776,15700,62500,2,1,1,2
2777,5892,175000,1,1,0,1
2778,9660,225000,2,1,2,2
2779,9660,125000,2,1,1,1
2780,65571,87500,1,1,0,0
2781,13404,17500,1,1,0,0
2782,20614,30000,3,1,0,3
2783,15986,62500,1,1,1,1
2784,21465,17500,1,1,0,1
2785,12849,125000,2,1,3,1
2786,5006,42500,2,1,2,2
2787,13106,62500,1,1,1,1
2788,22441,250000,1,1,1,1
2789,57888,125000,2,1,3,2
2790,10241,-1,2,1,0,0
2791,10241,62500,3,1,1,2
2792,30946,250000,4,1,2,2
2793,1480,30000,5,1,3,2
2794,21645,87500,4,1,2,2
2795,435,225000,2,1,2,1
2796,3863,87500,1,1,1,1
2797,9335,-1,1,1,1,0
2798,30128,5000,2,1,1,0
2799,30128,17500,2,1,1,1
2800,33876,250000,1,1,1,1
2801,33876,87500,1,1,1,1
2802,33876,87500,2,1,0,2
2803,33876,87500,2,1,1,2
2804,59479,125000,2,1,2,2
2805,5914,-1,2,1,2,2
2806,8811,175000,3,1,3,3
2807,29657,87500,2,1,0,2
2808,29657,175000,2,1,1,2
2809,29657,125000,2,1,2,0
2810,35782,175000,2,1,1,2
2811,35782,62500,3,1,2,2
2812,35782,175000,3,1,2,1
2813,35782,125000,1,1,2,0
2814,35782,175000,2,1,1,2
2815,35782,87500,2,1,1,2
2816,35782,250000,2,1,2,2
2817,35782,125000,2,1,1,2
2818,35782,125000,2,1,1,1
2819,35782,-1,1,1,1,1
2820,35782,125000,2,1,2,2
2821,35782,175000,4,1,2,2
2822,35782,5000,3,1,1,1
2823,35782,87500,2,1,2,2
2824,35782,175000,1,1,1,1
2825,35782,62500,3,1,2,2
2826,35782,225000,2,1,1,2
2827,35782,125000,3,1,1,1
2828,59726,62500,6,1,4,1
2829,59899,125000,3,1,2,1
2830,19800,225000,1,1,1,1
2831,22933,125000,2,1,1,1
2832,22933,62500,2,1,1,2
2833,23513,62500,1,1,1,1
2834,30122,-1,1,1,1,0
2835,30122,62500,2,1,1,1
2836,30122,-1,2,1,1,0
2837,30122,87500,1,1,1,1
2838,7727,125000,2,1,1,2
2839,12730,175000,3,1,2,2
2840,18644,225000,2,1,3,2
2841,23517,87500,1,1,2,1
2842,34341,30000,1,1,0,1
2843,34341,30000,1,1,0,1
2844,34341,17500,1,1,0,1
2845,29135,62500,1,1,1,1
2846,8569,42500,2,1,3,0
2847,14449,250000,2,1,0,1
2848,31873,87500,2,1,1,1
2849,31702,17500,3,1,1,0
2850,11084,-1,2,1,1,2
2851,20590,87500,1,1,1,1
2852,22757,5000,1,1,0,0
2853,601,30000,1,1,0,1
2854,56569,87500,2,1,2,0
2855,7722,125000,1,1,1,1
2856,7722,175000,1,1,0,1
2857,11753,87500,2,1,1,2
2858,12265,62500,2,1,1,1
2859,12265,175000,2,1,0,2
2860,12265,250000,2,1,2,2
2861,18643,125000,4,1,2,2
2862,25931,225000,2,1,3,2
2863,5142,250000,4,1,2,2
2864,20614,-1,1,1,0,0
2865,14154,62500,2,1,1,2
2866,6780,225000,3,1,2,2
2867,6906,225000,3,1,1,2
2868,15998,5000,1,1,0,0
2869,20992,125000,2,1,2,2
2870,21436,30000,1,1,1,1
2871,21436,42500,1,1,1,1
2872,21436,125000,1,1,1,1
2873,21436,125000,2,1,3,2
2874,21436,42500,1,1,1,1
2875,29135,125000,2,1,2,2
2876,7403,87500,2,1,2,2
2877,28502,250000,2,1,2,1
2878,28502,-1,2,1,2,1
2879,28502,62500,1,1,1,1
2880,28831,225000,1,1,0,1
2881,28831,125000,1,1,1,1
2882,8804,87500,1,1,1,1
2883,21169,125000,1,1,0,1
2884,3871,125000,2,1,2,2
2885,13399,42500,2,1,2,1
2886,4680,87500,2,1,1,2
2887,4680,62500,1,1,1,1
2888,4680,87500,1,1,1,1
2889,28239,175000,2,1,1,1
2890,746,175000,2,1,1,2
2891,746,62500,1,1,0,1
2892,21760,125000,1,1,1,1
2893,14669,30000,1,1,1,1
2894,3430,125000,1,1,1,1
2895,20753,225000,2,1,2,1
2896,13173,17500,1,1,0,1
2897,13173,62500,1,1,0,1
2898,22883,-1,2,1,1,2
2899,59724,87500,1,1,2,1
2900,6604,5000,1,1,0,0
2901,2903,62500,1,1,1,1
2902,21811,125000,2,1,1,2
2903,20035,87500,1,1,1,1
2904,20035,87500,2,1,0,2
2905,11752,30000,1,1,1,1
2906,20238,62500,1,1,1,1
2907,34100,175000,1,1,2,1
2908,64890,17500,1,1,1,1
2909,19361,125000,1,1,1,1
2910,4748,225000,2,1,2,2
2911,21941,125000,2,1,2,2
2912,4355,62500,1,1,1,1
2913,55524,87500,4,1,1,1
2914,34099,-1,2,1,2,2
2915,29542,250000,3,1,1,2
2916,3724,30000,1,1,1,0
2917,24371,42500,3,1,2,1
2918,9315,87500,2,1,1,1
2919,25588,125000,2,1,1,1
2920,19318,87500,2,1,3,2
2921,5412,42500,1,1,0,0
2922,5412,42500,1,1,0,1
2923,12573,87500,2,1,1,2
2924,19537,30000,1,1,1,1
2925,22721,250000,2,1,3,2
2926,5593,17500,1,1,0,0
2927,26715,62500,1,1,1,1
2928,29651,250000,2,1,1,1
2929,11499,62500,2,1,1,1
2930,11499,30000,1,1,1,1
2931,22735,175000,4,1,1,2
2932,11307,42500,1,1,0,1
2933,21399,125000,3,1,2,2
2934,15086,125000,1,1,1,1
2935,28772,62500,2,1,1,2
2936,21466,-1,2,1,1,2
2937,21466,125000,1,1,1,1
2938,21466,125000,3,1,0,2
2939,21466,175000,2,1,0,2
2940,23519,87500,2,1,2,1
2941,30397,87500,1,1,1,1
2942,32615,-1,2,1,1,0
2943,9823,250000,2,1,1,2
2944,9823,125000,1,1,1,1
2945,25288,87500,2,1,1,2
2946,30481,125000,1,1,1,1
2947,65383,42500,4,1,1,1
2948,7699,42500,1,1,1,1
2949,7699,42500,1,1,1,1
2950,14190,125000,3,1,1,2
2951,33314,175000,4,1,2,2
2952,9504,62500,1,1,1,1
2953,20252,125000,3,1,1,1
2954,22441,17500,1,1,1,0
2955,22441,17500,1,1,0,0
2956,20407,62500,2,1,2,1
2957,22124,5000,1,1,1,0
2958,22755,62500,2,1,1,2
2959,22755,125000,2,1,1,2
2960,18814,-1,4,1,2,2
2961,9523,87500,4,1,2,1
2962,21653,30000,2,1,2,2
2963,24575,87500,2,1,2,2
2964,24575,125000,2,1,1,2
2965,24575,62500,1,1,1,0
2966,15266,42500,3,1,2,1
2967,23716,62500,2,1,1,0
2968,30750,175000,2,1,1,2
2969,63416,125000,4,1,2,2
2970,21080,225000,5,1,2,2
2971,13116,250000,1,1,1,1
2972,13116,42500,1,1,1,1
2973,13116,225000,1,1,1,1
2974,3881,125000,2,1,1,1
2975,24444,125000,4,1,2,1
2976,15948,62500,2,1,1,2
2977,9457,-1,2,1,2,2
2978,57806,87500,1,1,2,0
2979,29379,87500,1,1,1,1
2980,3865,42500,3,1,1,2
2981,6637,175000,2,1,2,2
2982,1215,225000,3,1,2,1
2983,24821,125000,2,1,3,1
2984,9660,175000,1,1,0,1
2986,18868,-1,1,1,1,1
2987,26120,62500,1,1,1,0
2988,8497,62500,3,1,2,2
2989,12233,175000,4,1,2,2
2990,17049,-1,2,1,1,2
2991,25736,175000,3,1,2,0
2992,3759,125000,1,1,1,1
2993,15947,62500,1,1,0,0
2994,5154,17500,1,1,1,1
2995,34194,125000,2,1,2,2
2996,17171,62500,2,1,1,1
2997,21457,62500,1,1,0,1
2998,12599,125000,1,1,0,1
2999,6165,17500,1,1,0,1
3000,6165,62500,1,1,1,1
3001,6165,42500,1,1,1,0
3002,24291,250000,2,1,1,1
3003,17469,30000,2,1,0,0
3004,17469,-1,1,1,1,0
3005,17469,42500,1,1,1,0
3006,17469,87500,2,1,2,2
3007,20463,5000,1,1,1,1
3008,20463,225000,1,1,1,1
3009,20463,17500,1,1,0,1
3010,59293,62500,1,1,1,1
3011,22421,125000,4,1,1,2
3012,33313,87500,3,1,2,2
3013,15891,42500,1,1,1,1
3014,27803,175000,3,1,2,2
3015,31243,62500,1,1,0,1
3016,63106,175000,1,1,1,1
3017,33321,125000,1,1,1,1
3018,25945,17500,1,1,1,1
3019,33814,-1,2,1,2,2
3020,27487,125000,1,1,1,1
3021,27487,62500,1,1,0,0
3022,15079,250000,2,1,2,2
3023,9832,87500,1,1,1,1
3024,66178,87500,3,1,2,1
3025,15983,62500,1,1,1,1
3026,15983,225000,2,1,2,2
3027,35240,175000,3,1,2,2
3028,32951,17500,1,1,1,0
3029,13353,-1,4,1,3,2
3030,18849,30000,1,1,1,1
3031,25770,-1,3,1,2,1
3032,296,30000,1,1,0,1
3033,15454,125000,2,1,2,2
3034,13107,62500,1,1,1,1
3035,11044,125000,1,1,1,1
3036,13672,5000,1,1,0,1
3037,13672,-1,1,1,0,0
3038,27148,62500,1,1,1,1
3039,24644,-1,1,1,1,0
3040,15405,125000,2,1,1,0
3041,13115,125000,2,1,1,2
3042,17984,175000,3,1,2,1
3043,28340,17500,1,1,0,0
3044,55126,42500,2,1,0,0
3045,8239,125000,2,1,2,2
3046,16415,42500,1,1,1,0
3047,14084,225000,2,1,2,1
3048,13439,62500,1,1,1,0
3049,32395,125000,4,1,2,1
3050,24566,125000,2,1,1,2
3051,18822,62500,2,1,2,2
3052,61315,-1,5,1,2,1
3053,9146,125000,4,1,2,2
3054,59207,62500,2,1,2,2
3055,17725,225000,1,1,1,1
3056,17725,87500,3,1,2,3
3057,17725,175000,3,1,2,1
3058,17725,17500,1,1,1,1
3059,17725,125000,2,1,1,2
3060,56481,42500,2,1,1,2
3061,63807,250000,2,1,2,2
3062,4897,62500,3,1,0,2
3063,5412,62500,4,1,1,1
3064,16429,125000,2,1,2,1
3065,10954,250000,1,1,1,1
3066,19389,175000,2,1,2,1
3067,17785,62500,3,1,2,1
3068,16429,62500,1,1,2,1
3069,485,17500,1,1,0,0
3070,7635,30000,1,1,0,1
3071,31749,17500,1,1,0,1
3072,10203,250000,3,1,3,1
3073,20613,175000,3,1,2,3
3074,65264,-1,4,1,2,2
3075,28782,42500,4,1,1,1
3076,28782,125000,2,1,0,1
3077,28782,87500,2,1,2,2
3078,20955,-1,1,1,1,0
3079,15441,62500,1,1,0,1
3080,31956,30000,3,1,1,2
3081,5165,125000,1,1,1,1
3082,23516,-1,2,1,1,2
3083,34083,125000,2,1,2,1
3084,14631,62500,1,1,1,1
3085,21932,30000,1,1,1,0
3087,25624,125000,1,1,0,1
3088,21843,42500,1,1,0,1
3089,24538,30000,1,1,0,0
3090,33848,42500,1,1,0,1
3092,33848,62500,1,1,0,1
3093,25862,62500,1,1,1,0
3094,631,125000,3,1,3,3
3095,28830,-1,1,1,0,1
3096,16602,87500,1,1,1,1
3097,30114,125000,2,1,2,2
3098,13026,-1,2,1,0,1
3099,22144,125000,2,1,2,2
3100,26452,-1,1,1,1,0
3101,20263,62500,1,1,1,0
3102,19887,125000,1,1,1,1
3103,8805,225000,4,1,2,2
3104,17049,42500,2,1,2,2
3105,21967,62500,3,1,2,2
3106,23527,30000,1,1,0,1
3107,12103,175000,4,1,2,2
3108,30329,125000,2,1,2,2
3109,20614,62500,1,1,1,1
3110,20611,62500,2,1,1,0
3111,12925,-1,1,1,1,1
3112,12417,62500,1,1,1,1
3113,26120,17500,1,1,2,1
3114,17048,62500,2,1,1,1
3115,25947,125000,2,1,1,2
3116,14693,250000,2,1,2,2
3117,5410,250000,2,1,2,1
3118,31227,175000,2,1,1,2
