household_id,hhno
1,17100005
2,17100024
3,17100052
4,17100059
5,17100060
6,17100102
7,17100108
8,17100111
9,17100137
10,17100149
11,17100179
12,17100203
13,17100208
14,17100221
15,17100231
16,17100233
17,17100238
18,17100248
19,17100255
20,17100280
21,17100291
22,17100303
23,17100326
24,17100342
25,17100372
26,17100410
27,17100411
28,17100414
29,17100418
30,17100433
31,17100441
32,17100458
33,17100477
34,17100482
35,17100492
36,17100501
37,17100563
38,17100569
39,17100590
40,17100627
41,17100652
42,17100654
43,17100663
44,17100673
45,17100675
46,17100681
47,17100717
48,17100739
49,17100760
50,17100761
51,17100789
52,17100794
53,17100800
54,17100807
55,17100818
56,17100822
57,17100834
58,17100836
59,17100837
60,17100859
61,17100868
62,17100889
63,17100892
64,17100907
65,17100908
66,17100924
67,17100939
68,17100942
69,17100952
70,17100957
71,17100964
72,17100982
73,17100984
74,17100986
75,17100992
76,17101013
77,17101031
78,17101042
79,17101064
80,17101079
81,17101086
82,17101128
83,17101130
84,17101179
85,17101213
86,17101223
87,17101236
88,17101240
89,17101250
90,17101263
91,17101275
92,17101291
93,17101319
94,17101325
95,17101335
96,17101344
97,17101375
98,17101379
99,17101385
100,17101391
101,17101436
102,17101448
103,17101469
104,17101489
105,17101504
106,17101517
107,17101545
108,17101592
109,17101606
110,17101617
111,17101619
112,17101626
113,17101635
114,17101657
115,17101667
116,17101681
117,17101692
118,17101697
119,17101698
120,17101704
121,17101714
122,17101720
123,17101745
124,17101785
125,17101792
126,17101852
127,17101853
128,17101855
129,17101867
130,17101873
131,17101882
132,17101886
133,17101898
134,17101909
135,17101922
136,17101928
137,17101944
138,17101947
139,17101949
140,17101953
141,17101956
142,17101985
143,17101988
144,17102003
145,17102061
146,17102109
147,17102166
148,17102227
149,17102252
150,17102269
151,17102273
152,17102274
153,17102276
154,17102280
155,17102289
156,17102313
157,17102374
158,17102387
159,17102398
160,17102408
161,17102449
162,17102461
163,17102466
164,17102485
165,17102502
166,17102549
167,17102556
168,17102575
169,17102577
170,17102578
171,17102608
172,17102618
173,17102628
174,17102630
175,17102637
176,17102671
177,17102684
178,17102694
179,17102695
180,17102710
181,17102713
182,17102737
183,17102783
184,17102787
185,17102798
186,17102804
187,17102819
188,17102866
189,17102872
190,17102905
191,17102908
192,17102910
193,17102932
194,17102944
195,17102966
196,17102986
197,17102988
198,17103022
199,17103031
200,17103038
201,17103050
202,17103059
203,17103110
204,17103114
205,17103138
206,17103147
207,17103148
208,17103211
209,17103241
210,17103242
211,17103302
212,17103415
213,17103428
214,17103454
215,17103456
216,17103477
217,17103500
218,17103517
219,17103533
220,17103538
221,17103557
222,17103574
223,17103587
224,17103594
225,17103614
226,17103623
227,17103640
228,17103648
229,17103659
230,17103660
231,17103670
232,17103672
233,17103677
234,17103741
235,17103751
236,17103779
237,17103798
238,17103802
239,17103809
240,17103824
241,17103826
242,17103836
243,17103838
244,17103861
245,17103902
246,17103913
247,17103947
248,17103972
249,17104088
250,17104095
251,17104105
252,17104125
253,17104147
254,17104158
255,17104170
256,17104171
257,17104190
258,17104197
259,17104222
260,17104227
261,17104236
262,17104247
263,17104255
264,17104281
265,17104299
266,17104300
267,17104358
268,17104366
269,17104372
270,17104383
271,17104395
272,17104399
273,17104412
274,17104433
275,17104434
276,17104440
277,17104449
278,17104459
279,17104468
280,17104494
281,17104500
282,17104552
283,17104562
284,17104563
285,17104567
286,17104571
287,17104575
288,17104576
289,17104578
290,17104598
291,17104601
292,17104602
293,17104614
294,17104617
295,17104639
296,17104647
297,17104657
298,17104658
299,17104660
300,17104674
301,17104679
302,17104683
303,17104706
304,17104711
305,17104729
306,17104750
307,17104764
308,17104801
309,17104821
310,17104824
311,17104847
312,17104856
313,17104871
314,17104887
315,17104893
316,17104945
317,17104948
318,17104994
319,17105047
320,17105052
321,17105064
322,17105094
323,17105098
324,17105153
325,17105165
326,17105172
327,17105201
328,17105205
329,17105207
330,17105221
331,17105228
332,17105231
333,17105242
334,17105246
335,17105256
336,17105257
337,17105262
338,17105280
339,17105298
340,17105310
341,17105316
342,17105336
343,17105392
344,17105409
345,17105443
346,17105445
347,17105449
348,17105472
349,17105483
350,17105515
351,17105536
352,17105549
353,17105581
354,17105606
355,17105614
356,17105645
357,17105658
358,17105662
359,17105672
360,17105678
361,17105684
362,17105689
363,17105693
364,17105694
365,17105719
366,17105747
367,17105759
368,17105766
369,17105772
370,17105773
371,17105784
372,17105785
373,17105789
374,17105790
375,17105791
376,17105792
377,17105814
378,17105827
379,17105864
380,17105875
381,17105889
382,17105906
383,17105908
384,17105916
385,17105920
386,17105922
387,17105939
388,17105948
389,17105979
390,17106011
391,17106012
392,17106015
393,17106017
394,17106028
395,17106044
396,17106057
397,17106087
398,17106132
399,17106157
400,17106183
401,17106184
402,17106190
403,17106208
404,17106248
405,17106277
406,17106278
407,17106282
408,17106329
409,17106340
410,17106344
411,17106349
412,17106376
413,17106381
414,17106390
415,17106402
416,17106422
417,17106440
418,17106442
419,17106470
420,17106495
421,17106496
422,17106518
423,17106574
424,17106580
425,17106594
426,17106643
427,17106645
428,17106648
429,17106670
430,17106680
431,17106691
432,17106727
433,17106760
434,17106776
435,17106823
436,17106824
437,17106835
438,17106847
439,17106854
440,17106864
441,17106876
442,17106909
443,17106918
444,17106929
445,17106946
446,17106949
447,17106965
448,17106970
449,17106974
450,17106999
451,17107001
452,17107020
453,17107025
454,17107032
455,17107033
456,17107051
457,17107077
458,17107090
459,17107099
460,17107131
461,17107139
462,17107141
463,17107142
464,17107175
465,17107176
466,17107192
467,17107220
468,17107221
469,17107244
470,17107251
471,17107255
472,17107269
473,17107319
474,17107342
475,17107376
476,17107409
477,17107410
478,17107488
479,17107490
480,17107519
481,17107534
482,17107543
483,17107567
484,17107572
485,17107602
486,17107607
487,17107619
488,17107628
489,17107677
490,17107689
491,17107695
492,17107705
493,17107716
494,17107730
495,17107742
496,17107773
497,17107789
498,17107812
499,17107836
500,17107845
501,17107885
502,17107902
503,17107907
504,17107913
505,17107930
506,17107940
507,17107944
508,17107945
509,17108000
510,17108016
511,17108039
512,17108043
513,17108094
514,17108135
515,17108200
516,17108239
517,17108247
518,17108281
519,17108291
520,17108306
521,17108315
522,17108351
523,17108358
524,17108422
525,17108430
526,17108437
527,17108441
528,17108450
529,17108459
530,17108473
531,17108474
532,17108492
533,17108500
534,17108508
535,17108513
536,17108536
537,17108543
538,17108576
539,17108595
540,17108640
541,17108643
542,17108678
543,17108721
544,17108723
545,17108727
546,17108735
547,17108749
548,17108798
549,17108799
550,17108814
551,17108833
552,17108859
553,17108866
554,17108877
555,17108908
556,17108918
557,17108973
558,17108982
559,17108994
560,17109021
561,17109023
562,17109064
563,17109093
564,17109107
565,17109109
566,17109114
567,17109116
568,17109120
569,17109129
570,17109131
571,17109138
572,17109147
573,17109164
574,17109212
575,17109239
576,17109298
577,17109308
578,17109358
579,17109367
580,17109388
581,17109393
582,17109407
583,17109408
584,17109418
585,17109425
586,17109436
587,17109444
588,17109451
589,17109495
590,17109504
591,17109509
592,17109521
593,17109527
594,17109542
595,17109547
596,17109555
597,17109580
598,17109586
599,17109601
600,17109606
601,17109615
602,17109644
603,17109646
604,17109651
605,17109657
606,17109680
607,17109690
608,17109692
609,17109703
610,17109704
611,17109740
612,17109776
613,17109790
614,17109798
615,17109802
616,17109812
617,17109829
618,17109835
619,17109851
620,17109884
621,17109898
622,17109950
623,17109973
624,17110000
625,17110007
626,17110037
627,17110038
628,17110071
629,17110109
630,17110124
631,17110128
632,17110136
633,17110230
634,17110265
635,17110279
636,17110311
637,17110331
638,17110337
639,17110340
640,17110343
641,17110364
642,17110378
643,17110379
644,17110382
645,17110387
646,17110399
647,17110447
648,17110459
649,17110461
650,17110465
651,17110481
652,17110516
653,17110533
654,17110539
655,17110571
656,17110577
657,17110595
658,17110607
659,17110639
660,17110662
661,17110666
662,17110693
663,17110705
664,17110729
665,17110733
666,17110737
667,17110760
668,17110775
669,17110793
670,17110794
671,17110830
672,17110834
673,17110874
674,17110895
675,17110918
676,17110932
677,17110958
678,17110982
679,17110992
680,17111033
681,17111057
682,17111072
683,17111142
684,17111166
685,17111174
686,17111176
687,17111219
688,17111226
689,17111241
690,17111317
691,17111341
692,17111422
693,17111451
694,17111469
695,17111476
696,17111482
697,17111486
698,17111487
699,17111489
700,17111497
701,17111507
702,17111525
703,17111562
704,17111620
705,17111622
706,17111629
707,17111663
708,17111707
709,17111728
710,17111733
711,17111734
712,17111785
713,17111798
714,17111837
715,17111861
716,17111871
717,17111884
718,17111886
719,17111904
720,17111909
721,17111913
722,17111918
723,17111922
724,17111929
725,17111939
726,17111958
727,17111959
728,17111960
729,17111983
730,17112024
731,17112032
732,17112033
733,17112050
734,17112059
735,17112073
736,17112091
737,17112109
738,17112127
739,17112137
740,17112140
741,17112147
742,17112149
743,17112231
744,17112248
745,17112250
746,17112281
747,17112291
748,17112300
749,17112308
750,17112309
751,17112322
752,17112332
753,17112361
754,17112427
755,17112447
756,17112448
757,17112455
758,17112468
759,17112471
760,17112484
761,17112496
762,17112505
763,17112540
764,17112554
765,17112564
766,17112575
767,17112581
768,17112611
769,17112637
770,17112644
771,17112650
772,17112653
773,17112678
774,17112690
775,17112795
776,17112800
777,17112805
778,17112810
779,17112826
780,17112827
781,17112839
782,17112866
783,17112933
784,17112977
785,17112995
786,17113006
787,17113014
788,17113031
789,17113049
790,17113063
791,17113064
792,17113078
793,17113084
794,17113107
795,17113124
796,17113177
797,17113243
798,17113260
799,17113267
800,17113269
801,17113278
802,17113294
803,17113300
804,17113317
805,17113372
806,17113430
807,17113433
808,17113447
809,17113481
810,17113484
811,17113495
812,17113499
813,17113541
814,17113544
815,17113558
816,17113576
817,17113577
818,17113612
819,17113689
820,17113705
821,17113721
822,17113750
823,17113755
824,17113757
825,17113794
826,17113799
827,17113801
828,17113823
829,17113825
830,17113839
831,17113848
832,17113862
833,17113899
834,17113910
835,17113928
836,17113934
837,17113964
838,17113967
839,17113968
840,17113969
841,17113997
842,17114000
843,17114033
844,17114037
845,17114042
846,17114058
847,17114069
848,17114076
849,17114089
850,17114120
851,17114147
852,17114149
853,17114152
854,17114158
855,17114160
856,17114164
857,17114170
858,17114171
859,17114177
860,17114201
861,17114202
862,17114224
863,17114267
864,17114315
865,17114332
866,17114407
867,17114410
868,17114422
869,17114426
870,17114460
871,17114461
872,17114462
873,17114479
874,17114492
875,17114497
876,17114506
877,17114508
878,17114513
879,17114518
880,17114543
881,17114544
882,17114556
883,17114568
884,17114572
885,17114610
886,17114626
887,17114630
888,17114640
889,17114648
890,17114659
891,17114662
892,17114671
893,17114700
894,17114712
895,17114724
896,17114734
897,17114748
898,17114786
899,17114787
900,17114823
901,17114829
902,17114840
903,17114843
904,17114861
905,17114882
906,17114925
907,17114941
908,17114950
909,17114955
910,17114981
911,17114983
912,17115016
913,17115059
914,17115067
915,17115088
916,17115092
917,17115104
918,17115126
919,17115131
920,17115180
921,17115187
922,17115207
923,17115221
924,17115231
925,17115247
926,17115249
927,17115300
928,17115305
929,17115321
930,17115359
931,17115398
932,17115400
933,17115408
934,17115450
935,17115461
936,17115468
937,17115474
938,17115502
939,17115522
940,17115529
941,17115559
942,17115567
943,17115568
944,17115569
945,17115571
946,17115581
947,17115591
948,17115594
949,17115615
950,17115617
951,17115657
952,17115662
953,17115686
954,17115727
955,17115751
956,17115775
957,17115810
958,17115821
959,17115830
960,17115831
961,17115838
962,17115855
963,17115868
964,17115874
965,17115880
966,17115882
967,17115911
968,17115945
969,17115946
970,17115985
971,17116000
972,17116010
973,17116021
974,17116050
975,17116052
976,17116064
977,17116081
978,17116107
979,17116111
980,17116112
981,17116114
982,17116131
983,17116132
984,17116133
985,17116137
986,17116171
987,17116178
988,17116181
989,17116208
990,17116226
991,17116248
992,17116257
993,17116260
994,17116276
995,17116288
996,17116325
997,17116330
998,17116340
999,17116364
1000,17116380
1001,17116383
1002,17116389
1003,17116430
1004,17116441
1005,17116450
1006,17116534
1007,17116544
1008,17116567
1009,17116572
1010,17116598
1011,17116621
1012,17116693
1013,17116728
1014,17116744
1015,17116781
1016,17116796
1017,17116824
1018,17116850
1019,17116918
1020,17116938
1021,17116963
1022,17116972
1023,17116973
1024,17116991
1025,17116998
1026,17117036
1027,17117052
1028,17117061
1029,17117080
1030,17117084
1031,17117103
1032,17117109
1033,17117120
1034,17117136
1035,17117138
1036,17117152
1037,17117160
1038,17117176
1039,17117194
1040,17117209
1041,17117269
1042,17117273
1043,17117277
1044,17117293
1045,17117313
1046,17117344
1047,17117346
1048,17117376
1049,17117379
1050,17117398
1051,17117443
1052,17117479
1053,17117500
1054,17117503
1055,17117505
1056,17117529
1057,17117535
1058,17117540
1059,17117555
1060,17117560
1061,17117588
1062,17117590
1063,17117614
1064,17117645
1065,17117666
1066,17117678
1067,17117715
1068,17117745
1069,17117746
1070,17117764
1071,17117788
1072,17117809
1073,17117819
1074,17117825
1075,17117864
1076,17117878
1077,17117879
1078,17117880
1079,17117887
1080,17117898
1081,17117902
1082,17117914
1083,17117931
1084,17118015
1085,17118026
1086,17118030
1087,17118055
1088,17118065
1089,17118068
1090,17118093
1091,17118102
1092,17118128
1093,17118139
1094,17118144
1095,17118150
1096,17118152
1097,17118174
1098,17118197
1099,17118207
1100,17118232
1101,17118281
1102,17118310
1103,17118320
1104,17118345
1105,17118375
1106,17118402
1107,17118418
1108,17118435
1109,17118482
1110,17118485
1111,17118507
1112,17118565
1113,17118593
1114,17118610
1115,17118620
1116,17118632
1117,17118670
1118,17118701
1119,17118748
1120,17118766
1121,17118771
1122,17118782
1123,17118797
1124,17118879
1125,17118889
1126,17118902
1127,17118919
1128,17118951
1129,17118977
1130,17118979
1131,17119000
1132,17119024
1133,17119086
1134,17119094
1135,17119142
1136,17119143
1137,17119154
1138,17119169
1139,17119174
1140,17119220
1141,17119235
1142,17119238
1143,17119242
1144,17119274
1145,17119280
1146,17119306
1147,17119310
1148,17119312
1149,17119339
1150,17119370
1151,17119383
1152,17119401
1153,17119425
1154,17119440
1155,17119454
1156,17119458
1157,17119477
1158,17119504
1159,17119530
1160,17119534
1161,17119539
1162,17119542
1163,17119547
1164,17119555
1165,17119582
1166,17119597
1167,17119622
1168,17119681
1169,17119742
1170,17119768
1171,17119780
1172,17119790
1173,17119808
1174,17119813
1175,17119833
1176,17119864
1177,17119867
1178,17119880
1179,17119886
1180,17119922
1181,17119926
1182,17119957
1183,17119958
1184,17119971
1185,17119977
1186,17119984
1187,17119989
1188,17120013
1189,17120025
1190,17120036
1191,17120046
1192,17120076
1193,17120096
1194,17120128
1195,17120140
1196,17120168
1197,17120172
1198,17120189
1199,17120241
1200,17120251
1201,17120296
1202,17120318
1203,17120335
1204,17120358
1205,17120360
1206,17120363
1207,17120416
1208,17120435
1209,17120475
1210,17120482
1211,17120485
1212,17120491
1213,17120499
1214,17120507
1215,17120518
1216,17120520
1217,17120521
1218,17120533
1219,17120557
1220,17120559
1221,17120581
1222,17120604
1223,17120605
1224,17120636
1225,17120652
1226,17120668
1227,17120672
1228,17120803
1229,17120836
1230,17120852
1231,17120863
1232,17120908
1233,17120912
1234,17120921
1235,17120923
1236,17120932
1237,17120993
1238,17121000
1239,17121007
1240,17121018
1241,17121067
1242,17121075
1243,17121111
1244,17121120
1245,17121125
1246,17121127
1247,17121130
1248,17121155
1249,17121216
1250,17121222
1251,17121243
1252,17121247
1253,17121287
1254,17121288
1255,17121315
1256,17121341
1257,17121358
1258,17121361
1259,17121373
1260,17121376
1261,17121402
1262,17121409
1263,17121424
1264,17121431
1265,17121433
1266,17121444
1267,17121459
1268,17121460
1269,17121461
1270,17121473
1271,17121486
1272,17121508
1273,17121517
1274,17121518
1275,17121539
1276,17121568
1277,17121573
1278,17121621
1279,17121646
1280,17121649
1281,17121655
1282,17121677
1283,17121683
1284,17121692
1285,17121735
1286,17121759
1287,17121791
1288,17121815
1289,17121831
1290,17121846
1291,17121856
1292,17121900
1293,17121909
1294,17121923
1295,17121974
1296,17122014
1297,17122024
1298,17122040
1299,17122048
1300,17122096
1301,17122133
1302,17122146
1303,17122182
1304,17122189
1305,17122190
1306,17122211
1307,17122236
1308,17122258
1309,17122271
1310,17122280
1311,17122296
1312,17122299
1313,17122305
1314,17122309
1315,17122332
1316,17122348
1317,17122380
1318,17122416
1319,17122420
1320,17122426
1321,17122427
1322,17122440
1323,17122465
1324,17122476
1325,17122487
1326,17122516
1327,17122520
1328,17122541
1329,17122547
1330,17122554
1331,17122571
1332,17122581
1333,17122593
1334,17122604
1335,17122607
1336,17122626
1337,17122634
1338,17122639
1339,17122684
1340,17122723
1341,17122754
1342,17122757
1343,17122767
1344,17122793
1345,17122803
1346,17122825
1347,17122834
1348,17122843
1349,17122862
1350,17122872
1351,17122885
1352,17122939
1353,17122940
1354,17122965
1355,17122987
1356,17123003
1357,17123004
1358,17123008
1359,17123050
1360,17123068
1361,17123104
1362,17123135
1363,17123138
1364,17123158
1365,17123161
1366,17123176
1367,17123194
1368,17123201
1369,17123211
1370,17123214
1371,17123215
1372,17123216
1373,17123237
1374,17123241
1375,17123251
1376,17123252
1377,17123266
1378,17123339
1379,17123354
1380,17123371
1381,17123385
1382,17123403
1383,17123409
1384,17123410
1385,17123453
1386,17123463
1387,17123472
1388,17123482
1389,17123489
1390,17123493
1391,17123507
1392,17123542
1393,17123546
1394,17123552
1395,17123555
1396,17123575
1397,17123580
1398,17123584
1399,17123586
1400,17123597
1401,17123599
1402,17123613
1403,17123645
1404,17123646
1405,17123654
1406,17123668
1407,17123669
1408,17123707
1409,17123729
1410,17123772
1411,17123774
1412,17123783
1413,17123797
1414,17123814
1415,17123816
1416,17123828
1417,17123868
1418,17123884
1419,17123916
1420,17123936
1421,17123958
1422,17123980
1423,17123993
1424,17124036
1425,17124039
1426,17124053
1427,17124062
1428,17124064
1429,17124091
1430,17124093
1431,17124142
1432,17124159
1433,17124172
1434,17124184
1435,17124204
1436,17124211
1437,17124239
1438,17124273
1439,17124311
1440,17124315
1441,17124316
1442,17124324
1443,17124342
1444,17124350
1445,17124352
1446,17124360
1447,17124377
1448,17124398
1449,17124411
1450,17124458
1451,17124464
1452,17124466
1453,17124500
1454,17124543
1455,17124565
1456,17124573
1457,17124583
1458,17124588
1459,17124597
1460,17124617
1461,17124625
1462,17124628
1463,17124637
1464,17124688
1465,17124696
1466,17124713
1467,17124722
1468,17124746
1469,17124754
1470,17124765
1471,17124813
1472,17124854
1473,17124861
1474,17124862
1475,17124875
1476,17124939
1477,17124943
1478,17124944
1479,17124950
1480,17124962
1481,17124972
1482,17124996
1483,17125056
1484,17125077
1485,17125102
1486,17125114
1487,17125116
1488,17125150
1489,17125249
1490,17125259
1491,17125269
1492,17125271
1493,17125286
1494,17125297
1495,17125304
1496,17125327
1497,17125333
1498,17125391
1499,17125407
1500,17125410
1501,17125419
1502,17125439
1503,17125443
1504,17125465
1505,17125472
1506,17125475
1507,17125476
1508,17125477
1509,17125483
1510,17125488
1511,17125504
1512,17125514
1513,17125516
1514,17125529
1515,17125535
1516,17125546
1517,17125554
1518,17125576
1519,17125589
1520,17125590
1521,17125617
1522,17125653
1523,17125664
1524,17125676
1525,17125699
1526,17125719
1527,17125729
1528,17125731
1529,17125733
1530,17125748
1531,17125765
1532,17125803
1533,17125830
1534,17125834
1535,17125875
1536,17125883
1537,17125885
1538,17125889
1539,17125946
1540,17125953
1541,17125955
1542,17125997
1543,17126002
1544,17126013
1545,17126027
1546,17126042
1547,17126043
1548,17126046
1549,17126063
1550,17126072
1551,17126082
1552,17126101
1553,17126156
1554,17126167
1555,17126178
1556,17126237
1557,17126258
1558,17126282
1559,17126319
1560,17126347
1561,17126366
1562,17126396
1563,17126408
1564,17126419
1565,17126428
1566,17126437
1567,17126457
1568,17126462
1569,17126470
1570,17126473
1571,17126520
1572,17126522
1573,17126527
1574,17126543
1575,17126565
1576,17126594
1577,17126615
1578,17126643
1579,17126660
1580,17126667
1581,17126674
1582,17126677
1583,17126682
1584,17126699
1585,17126704
1586,17126705
1587,17126708
1588,17126709
1589,17126738
1590,17126740
1591,17126752
1592,17126754
1593,17126762
1594,17126784
1595,17126786
1596,17126809
1597,17126835
1598,17126842
1599,17126849
1600,17126862
1601,17126874
1602,17126876
1603,17126892
1604,17126893
1605,17126917
1606,17126974
1607,17126985
1608,17127014
1609,17127020
1610,17127026
1611,17127027
1612,17127031
1613,17127052
1614,17127058
1615,17127093
1616,17127094
1617,17127117
1618,17127120
1619,17127154
1620,17127202
1621,17127245
1622,17127259
1623,17127288
1624,17127291
1625,17127297
1626,17127300
1627,17127336
1628,17127356
1629,17127358
1630,17127362
1631,17127364
1632,17127395
1633,17127405
1634,17127416
1635,17127432
1636,17127452
1637,17127458
1638,17127480
1639,17127487
1640,17127512
1641,17127518
1642,17127522
1643,17127543
1644,17127569
1645,17127572
1646,17127575
1647,17127608
1648,17127612
1649,17127622
1650,17127625
1651,17127630
1652,17127637
1653,17127689
1654,17127693
1655,17127702
1656,17127743
1657,17127765
1658,17127771
1659,17127809
1660,17127811
1661,17127821
1662,17127823
1663,17127850
1664,17127880
1665,17127918
1666,17127921
1667,17127923
1668,17127928
1669,17127967
1670,17128000
1671,17128020
1672,17128054
1673,17128057
1674,17128059
1675,17128073
1676,17128081
1677,17128089
1678,17128148
1679,17128155
1680,17128169
1681,17128170
1682,17128189
1683,17128194
1684,17128199
1685,17128226
1686,17128234
1687,17128239
1688,17128251
1689,17128254
1690,17128260
1691,17128264
1692,17128278
1693,17128297
1694,17128302
1695,17128306
1696,17128318
1697,17128321
1698,17128325
1699,17128358
1700,17128378
1701,17128419
1702,17128430
1703,17128439
1704,17128445
1705,17128448
1706,17128499
1707,17128524
1708,17128525
1709,17128573
1710,17128578
1711,17128622
1712,17128623
1713,17128629
1714,17128640
1715,17128644
1716,17128655
1717,17128667
1718,17128676
1719,17128679
1720,17128691
1721,17128702
1722,17128709
1723,17128714
1724,17128748
1725,17128760
1726,17128770
1727,17128777
1728,17128802
1729,17128831
1730,17128839
1731,17128864
1732,17128896
1733,17128912
1734,17128917
1735,17128922
1736,17128925
1737,17128928
1738,17128966
1739,17128974
1740,17128976
1741,17129007
1742,17129010
1743,17129033
1744,17129068
1745,17129082
1746,17129085
1747,17129137
1748,17129143
1749,17129161
1750,17129170
1751,17129179
1752,17129183
1753,17129196
1754,17129238
1755,17129243
1756,17129265
1757,17129274
1758,17129278
1759,17129290
1760,17129305
1761,17129309
1762,17129312
1763,17129316
1764,17129327
1765,17129330
1766,17129340
1767,17129346
1768,17129361
1769,17129379
1770,17129394
1771,17129406
1772,17129419
1773,17129438
1774,17129466
1775,17129474
1776,17129479
1777,17129494
1778,17129498
1779,17129513
1780,17129515
1781,17129523
1782,17129559
1783,17129562
1784,17129573
1785,17129575
1786,17129603
1787,17129609
1788,17129610
1789,17129615
1790,17129681
1791,17129692
1792,17129711
1793,17129712
1794,17129717
1795,17129722
1796,17129741
1797,17129778
1798,17129782
1799,17129793
1800,17129820
1801,17129827
1802,17129846
1803,17129912
1804,17129947
1805,17129949
1806,17129950
1807,17129980
1808,17129985
1809,17130014
1810,17130035
1811,17130048
1812,17130062
1813,17130067
1814,17130084
1815,17130092
1816,17130098
1817,17130101
1818,17130102
1819,17130119
1820,17130121
1821,17130143
1822,17130155
1823,17130158
1824,17130190
1825,17130195
1826,17130213
1827,17130234
1828,17130257
1829,17130258
1830,17130289
1831,17130291
1832,17130296
1833,17130318
1834,17130322
1835,17130329
1836,17130335
1837,17130406
1838,17130414
1839,17130418
1840,17130442
1841,17130451
1842,17130452
1843,17130472
1844,17130478
1845,17130479
1846,17130496
1847,17130499
1848,17130512
1849,17130528
1850,17130535
1851,17130588
1852,17130609
1853,17130610
1854,17130611
1855,17130622
1856,17130635
1857,17130644
1858,17130648
1859,17130698
1860,17130722
1861,17130729
1862,17130731
1863,17130740
1864,17130742
1865,17130743
1866,17130751
1867,17130803
1868,17130873
1869,17130893
1870,17130923
1871,17130924
1872,17130930
1873,17130931
1874,17130980
1875,17130996
1876,17131005
1877,17131008
1878,17131017
1879,17131022
1880,17131029
1881,17131034
1882,17131049
1883,17131059
1884,17131065
1885,17131066
1886,17131088
1887,17131097
1888,17131108
1889,17131132
1890,17131162
1891,17131203
1892,17131226
1893,17131228
1894,17131229
1895,17131266
1896,17131297
1897,17131344
1898,17131356
1899,17131382
1900,17131407
1901,17131440
1902,17131454
1903,17131483
1904,17131493
1905,17131505
1906,17131523
1907,17131547
1908,17131564
1909,17131575
1910,17131612
1911,17131639
1912,17131643
1913,17131654
1914,17131656
1915,17131681
1916,17131693
1917,17131703
1918,17131715
1919,17131740
1920,17131767
1921,17131781
1922,17131800
1923,17131816
1924,17131824
1925,17131848
1926,17131879
1927,17131883
1928,17131884
1929,17131898
1930,17131906
1931,17131921
1932,17131927
1933,17131930
1934,17131958
1935,17131971
1936,17131981
1937,17131989
1938,17132001
1939,17132082
1940,17132083
1941,17132090
1942,17132091
1943,17132167
1944,17132180
1945,17132197
1946,17132235
1947,17132284
1948,17132292
1949,17132301
1950,17132302
1951,17132305
1952,17132331
1953,17132333
1954,17132342
1955,17132364
1956,17132370
1957,17132404
1958,17132411
1959,17132421
1960,17132458
1961,17132467
1962,17132518
1963,17132524
1964,17132527
1965,17132570
1966,17132580
1967,17132609
1968,17132625
1969,17132651
1970,17132662
1971,17132669
1972,17132674
1973,17132679
1974,17132688
1975,17132693
1976,17132699
1977,17132704
1978,17132714
1979,17132728
1980,17132731
1981,17132744
1982,17132793
1983,17132801
1984,17132805
1985,17132833
1986,17132838
1987,17132841
1988,17132843
1989,17132859
1990,17132862
1991,17132881
1992,17132908
1993,17132911
1994,17132912
1995,17132924
1996,17132930
1997,17132932
1998,17132936
1999,17132955
2000,17132957
2001,17132975
2002,17132986
2003,17133002
2004,17133004
2005,17133005
2006,17133007
2007,17133016
2008,17133022
2009,17133045
2010,17133053
2011,17133089
2012,17133098
2013,17133099
2014,17133117
2015,17133173
2016,17133276
2017,17133307
2018,17133321
2019,17133346
2020,17133382
2021,17133389
2022,17133399
2023,17133418
2024,17133427
2025,17133429
2026,17133443
2027,17133458
2028,17133462
2029,17133470
2030,17133495
2031,17133496
2032,17133501
2033,17133509
2034,17133514
2035,17133526
2036,17133573
2037,17133598
2038,17133613
2039,17133649
2040,17133687
2041,17133689
2042,17133691
2043,17133695
2044,17133720
2045,17133724
2046,17133734
2047,17133751
2048,17133775
2049,17133812
2050,17133819
2051,17133842
2052,17133910
2053,17133915
2054,17133916
2055,17133923
2056,17133937
2057,17133940
2058,17133946
2059,17133960
2060,17133964
2061,17133969
2062,17133987
2063,17133996
2064,17134044
2065,17134048
2066,17134105
2067,17134112
2068,17134130
2069,17134145
2070,17134148
2071,17134218
2072,17134223
2073,17134235
2074,17134270
2075,17134272
2076,17134277
2077,17134298
2078,17134317
2079,17134322
2080,17134363
2081,17134365
2082,17134373
2083,17134381
2084,17134387
2085,17134432
2086,17134433
2087,17134439
2088,17134489
2089,17134505
2090,17134522
2091,17134541
2092,17134555
2093,17134564
2094,17134565
2095,17134573
2096,17134592
2097,17134597
2098,17134598
2099,17134603
2100,17134650
2101,17134667
2102,17134669
2103,17134692
2104,17134698
2105,17134712
2106,17134732
2107,17134733
2108,17134751
2109,17134754
2110,17134788
2111,17134818
2112,17134821
2113,17134829
2114,17134840
2115,17134852
2116,17134861
2117,17134915
2118,17134916
2119,17134918
2120,17134935
2121,17134939
2122,17135006
2123,17135009
2124,17135014
2125,17135020
2126,17135026
2127,17135058
2128,17135086
2129,17135100
2130,17135105
2131,17135141
2132,17135145
2133,17135164
2134,17135187
2135,17135196
2136,17135221
2137,17135269
2138,17135276
2139,17135277
2140,17135340
2141,17135374
2142,17135377
2143,17135427
2144,17135465
2145,17135472
2146,17135499
2147,17135519
2148,17135529
2149,17135531
2150,17135547
2151,17135549
2152,17135551
2153,17135567
2154,17135573
2155,17135592
2156,17135621
2157,17135639
2158,17135654
2159,17135695
2160,17135707
2161,17135789
2162,17135816
2163,17135824
2164,17135828
2165,17135835
2166,17135839
2167,17135871
2168,17135874
2169,17135883
2170,17135884
2171,17135895
2172,17135899
2173,17135916
2174,17135946
2175,17135959
2176,17135963
2177,17135965
2178,17135973
2179,17135977
2180,17135999
2181,17136017
2182,17136020
2183,17136032
2184,17136058
2185,17136068
2186,17136079
2187,17136104
2188,17136105
2189,17136118
2190,17136122
2191,17136127
2192,17136158
2193,17136163
2194,17136179
2195,17136184
2196,17136188
2197,17136194
2198,17136200
2199,17136201
2200,17136221
2201,17136225
2202,17136226
2203,17136251
2204,17136287
2205,17136369
2206,17136379
2207,17136383
2208,17136398
2209,17136399
2210,17136400
2211,17136468
2212,17136471
2213,17136493
2214,17136505
2215,17136537
2216,17136570
2217,17136571
2218,17136599
2219,17136609
2220,17136624
2221,17136703
2222,17136712
2223,17136733
2224,17136735
2225,17136770
2226,17136780
2227,17136794
2228,17136798
2229,17136834
2230,17136836
2231,17136852
2232,17136863
2233,17136872
2234,17136879
2235,17136889
2236,17136910
2237,17136937
2238,17136976
2239,17136995
2240,17136997
2241,17137003
2242,17137006
2243,17137008
2244,17137052
2245,17137058
2246,17137072
2247,17137076
2248,17137103
2249,17137110
2250,17137115
2251,17137122
2252,17137143
2253,17137187
2254,17137194
2255,17137201
2256,17137227
2257,17137230
2258,17137242
2259,17137245
2260,17137252
2261,17137275
2262,17137290
2263,17137301
2264,17137321
2265,17137326
2266,17137332
2267,17137348
2268,17137382
2269,17137389
2270,17137425
2271,17137427
2272,17137429
2273,17137456
2274,17137508
2275,17137544
2276,17137552
2277,17137562
2278,17137563
2279,17137577
2280,17137580
2281,17137584
2282,17137616
2283,17137626
2284,17137631
2285,17137638
2286,17137682
2287,17137687
2288,17137699
2289,17137712
2290,17137719
2291,17137727
2292,17137741
2293,17137771
2294,17137808
2295,17137820
2296,17137831
2297,17137851
2298,17137876
2299,17137880
2300,17137920
2301,17137935
2302,17137974
2303,17137982
2304,17138005
2305,17138007
2306,17138013
2307,17138061
2308,17138067
2309,17138076
2310,17138081
2311,17138098
2312,17138122
2313,17138147
2314,17138161
2315,17138193
2316,17138225
2317,17138256
2318,17138308
2319,17138332
2320,17138343
2321,17138351
2322,17138361
2323,17138387
2324,17138391
2325,17138401
2326,17138406
2327,17138429
2328,17138470
2329,17138516
2330,17138520
2331,17138561
2332,17138601
2333,17138602
2334,17138613
2335,17138624
2336,17138632
2337,17138644
2338,17138660
2339,17138675
2340,17138694
2341,17138699
2342,17138744
2343,17138752
2344,17138785
2345,17138800
2346,17138813
2347,17138817
2348,17138842
2349,17138852
2350,17138881
2351,17138888
2352,17138944
2353,17138960
2354,17138965
2355,17138969
2356,17139032
2357,17139041
2358,17139051
2359,17139053
2360,17139073
2361,17139077
2362,17139080
2363,17139098
2364,17139106
2365,17139107
2366,17139161
2367,17139169
2368,17139175
2369,17139187
2370,17139227
2371,17139230
2372,17139239
2373,17139249
2374,17139262
2375,17139295
2376,17139315
2377,17139317
2378,17139320
2379,17139345
2380,17139352
2381,17139356
2382,17139366
2383,17139416
2384,17139418
2385,17139428
2386,17139430
2387,17139435
2388,17139445
2389,17139461
2390,17139466
2391,17139499
2392,17139522
2393,17139523
2394,17139537
2395,17139540
2396,17139546
2397,17139550
2398,17139590
2399,17139598
2400,17139605
2401,17139621
2402,17139637
2403,17139642
2404,17139680
2405,17139684
2406,17139698
2407,17139732
2408,17139745
2409,17139746
2410,17139762
2411,17139775
2412,17139806
2413,17139811
2414,17139826
2415,17139838
2416,17139856
2417,17139877
2418,17139889
2419,17139904
2420,17139906
2421,17139908
2422,17139916
2423,17139935
2424,17139974
2425,17139975
2426,17139985
2427,17139992
2428,17139998
2429,17140049
2430,17140091
2431,17140106
2432,17140170
2433,17140194
2434,17140240
2435,17140252
2436,17140267
2437,17140280
2438,17140340
2439,17140344
2440,17140346
2441,17140354
2442,17140361
2443,17140433
2444,17140454
2445,17140479
2446,17140491
2447,17140495
2448,17140500
2449,17140537
2450,17140538
2451,17140552
2452,17140583
2453,17140593
2454,17140636
2455,17140638
2456,17140639
2457,17140668
2458,17140670
2459,17140675
2460,17140680
2461,17140699
2462,17140715
2463,17140745
2464,17140754
2465,17140778
2466,17140780
2467,17140787
2468,17140796
2469,17140820
2470,17140840
2471,17140860
2472,17140870
2473,17140911
2474,17140941
2475,17140943
2476,17140976
2477,17141008
2478,17141021
2479,17141029
2480,17141033
2481,17141037
2482,17141041
2483,17141060
2484,17141065
2485,17141097
2486,17141102
2487,17141136
2488,17141172
2489,17141177
2490,17141191
2491,17141192
2492,17141195
2493,17141221
2494,17141224
2495,17141243
2496,17141248
2497,17141251
2498,17141275
2499,17141317
2500,17141346
2501,17141366
2502,17141380
2503,17141430
2504,17141431
2505,17141433
2506,17141454
2507,17141466
2508,17141478
2509,17141481
2510,17141482
2511,17141510
2512,17141518
2513,17141526
2514,17141527
2515,17141551
2516,17141589
2517,17141593
2518,17141607
2519,17141616
2520,17141635
2521,17141645
2522,17141660
2523,17141661
2524,17141676
2525,17141684
2526,17141701
2527,17141724
2528,17141733
2529,17141740
2530,17141741
2531,17141767
2532,17141788
2533,17141792
2534,17141819
2535,17141821
2536,17141834
2537,17141835
2538,17141852
2539,17141857
2540,17141862
2541,17141872
2542,17141874
2543,17141875
2544,17141876
2545,17141891
2546,17141909
2547,17141918
2548,17141933
2549,17141939
2550,17141942
2551,17141957
2552,17141984
2553,17141992
2554,17141995
2555,17141996
2556,17142005
2557,17142113
2558,17142121
2559,17142138
2560,17142139
2561,17142145
2562,17142152
2563,17142156
2564,17142190
2565,17142200
2566,17142207
2567,17142225
2568,17142230
2569,17142231
2570,17142257
2571,17142290
2572,17142315
2573,17142397
2574,17142403
2575,17142417
2576,17142435
2577,17142453
2578,17142471
2579,17142480
2580,17142488
2581,17142494
2582,17142504
2583,17142510
2584,17142512
2585,17142519
2586,17142529
2587,17142560
2588,17142566
2589,17142587
2590,17142593
2591,17142602
2592,17142619
2593,17142630
2594,17142654
2595,17142655
2596,17142657
2597,17142667
2598,17142734
2599,17142741
2600,17142749
2601,17142769
2602,17142783
2603,17142791
2604,17142818
2605,17142846
2606,17142858
2607,17142871
2608,17142879
2609,17142894
2610,17142909
2611,17142915
2612,17142921
2613,17142936
2614,17142938
2615,17143004
2616,17143009
2617,17143031
2618,17143039
2619,17143116
2620,17143118
2621,17143144
2622,17143149
2623,17143154
2624,17143162
2625,17143190
2626,17143193
2627,17143194
2628,17143207
2629,17143210
2630,17143213
2631,17143227
2632,17143232
2633,17143258
2634,17143262
2635,17143284
2636,17143340
2637,17143343
2638,17143357
2639,17143386
2640,17143391
2641,17143416
2642,17143422
2643,17143424
2644,17143425
2645,17143447
2646,17143483
2647,17143488
2648,17143489
2649,17143506
2650,17143513
2651,17143524
2652,17143533
2653,17143545
2654,17143559
2655,17143564
2656,17143572
2657,17143582
2658,17143600
2659,17143620
2660,17143626
2661,17143634
2662,17143635
2663,17143662
2664,17143713
2665,17143720
2666,17143721
2667,17143727
2668,17143729
2669,17143730
2670,17143731
2671,17143733
2672,17143746
2673,17143758
2674,17143766
2675,17143777
2676,17143785
2677,17143824
2678,17143830
2679,17143846
2680,17143866
2681,17143875
2682,17143895
2683,17143896
2684,17143964
2685,17143992
2686,17144009
2687,17144026
2688,17144039
2689,17144045
2690,17144049
2691,17144076
2692,17144080
2693,17144098
2694,17144106
2695,17144118
2696,17144143
2697,17144152
2698,17144155
2699,17144169
2700,17144198
2701,17144210
2702,17144220
2703,17144227
2704,17144239
2705,17144243
2706,17144258
2707,17144272
2708,17144283
2709,17144288
2710,17144290
2711,17144301
2712,17144304
2713,17144328
2714,17144348
2715,17144355
2716,17144365
2717,17144379
2718,17144401
2719,17144402
2720,17144405
2721,17144409
2722,17144473
2723,17144480
2724,17144505
2725,17144539
2726,17144573
2727,17144596
2728,17144618
2729,17144634
2730,17144651
2731,17144658
2732,17144678
2733,17144686
2734,17144691
2735,17144694
2736,17144697
2737,17144704
2738,17144707
2739,17144727
2740,17144734
2741,17144776
2742,17144780
2743,17144826
2744,17144837
2745,17144860
2746,17144888
2747,17144929
2748,17144966
2749,17144969
2750,17144997
2751,17145017
2752,17145024
2753,17145026
2754,17145077
2755,17145129
2756,17145142
2757,17145161
2758,17145181
2759,17145226
2760,17145229
2761,17145253
2762,17145287
2763,17145288
2764,17145296
2765,17145297
2766,17145304
2767,17145321
2768,17145367
2769,17145391
2770,17145438
2771,17145481
2772,17145496
2773,17145510
2774,17145525
2775,17145542
2776,17145553
2777,17145559
2778,17145572
2779,17145575
2780,17145593
2781,17145597
2782,17145673
2783,17145710
2784,17145717
2785,17145730
2786,17145746
2787,17145787
2788,17145802
2789,17145804
2790,17145806
2791,17145820
2792,17145827
2793,17145841
2794,17145854
2795,17145855
2796,17145866
2797,17145915
2798,17145942
2799,17145958
2800,17145961
2801,17145966
2802,17145989
2803,17146074
2804,17146076
2805,17146110
2806,17146125
2807,17146129
2808,17146131
2809,17146188
2810,17146196
2811,17146225
2812,17146241
2813,17146267
2814,17146285
2815,17146294
2816,17146317
2817,17146337
2818,17146342
2819,17146346
2820,17146354
2821,17146362
2822,17146377
2823,17146403
2824,17146412
2825,17146453
2826,17146454
2827,17146467
2828,17146494
2829,17146518
2830,17146520
2831,17146548
2832,17146552
2833,17146565
2834,17146594
2835,17146597
2836,17146604
2837,17146631
2838,17146643
2839,17146662
2840,17146694
2841,17146735
2842,17146764
2843,17146778
2844,17146787
2845,17146795
2846,17146797
2847,17146806
2848,17146828
2849,17146850
2850,17146892
2851,17146917
2852,17146924
2853,17146955
2854,17146962
2855,17146988
2856,17146990
2857,17146991
2858,17146999
2859,17147020
2860,17147043
2861,17147056
2862,17147086
2863,17147104
2864,17147112
2865,17147113
2866,17147124
2867,17147173
2868,17147175
2869,17147188
2870,17147215
2871,17147240
2872,17147265
2873,17147330
2874,17147337
2875,17147353
2876,17147378
2877,17147385
2878,17147408
2879,17147419
2880,17147441
2881,17147454
2882,17147461
2883,17147465
2884,17147472
2885,17147485
2886,17147528
2887,17147547
2888,17147562
2889,17147565
2890,17147570
2891,17147576
2892,17147589
2893,17147592
2894,17147596
2895,17147651
2896,17147656
2897,17147692
2898,17147693
2899,17147694
2900,17147731
2901,17147734
2902,17147739
2903,17147753
2904,17147761
2905,17147797
2906,17147804
2907,17147826
2908,17147846
2909,17147849
2910,17147879
2911,17147904
2912,17147949
2913,17148005
2914,17148010
2915,17148013
2916,17148018
2917,17148025
2918,17148035
2919,17148070
2920,17148102
2921,17148155
2922,17148181
2923,17148185
2924,17148201
2925,17148208
2926,17148214
2927,17148236
2928,17148237
2929,17148285
2930,17148317
2931,17148394
2932,17148416
2933,17148429
2934,17148435
2935,17148442
2936,17148459
2937,17148464
2938,17148485
2939,17148522
2940,17148555
2941,17148574
2942,17148586
2943,17148628
2944,17148644
2945,17148649
2946,17148682
2947,17148696
2948,17148698
2949,17148744
2950,17148792
2951,17148793
2952,17148797
2953,17148800
2954,17148836
2955,17148840
2956,17148852
2957,17148857
2958,17148869
2959,17148886
2960,17148930
2961,17148953
2962,17148956
2963,17148963
2964,17148964
2965,17148969
2966,17149056
2967,17149083
2968,17149123
2969,17149131
2970,17149139
2971,17149170
2972,17149247
2973,17149285
2974,17149293
2975,17149307
2976,17149340
2977,17149352
2978,17149370
2979,17149376
2980,17149378
2981,17149380
2982,17149409
2983,17149415
2984,17149431
2985,17149445
2986,17149451
2987,17149455
2988,17149457
2989,17149461
2990,17149507
2991,17149509
2992,17149515
2993,17149527
2994,17149530
2995,17149541
2996,17149545
2997,17149554
2998,17149585
2999,17149590
3000,17149591
3001,17149596
3002,17149600
3003,17149604
3004,17149610
3005,17149617
3006,17149632
3007,17149650
3008,17149659
3009,17149666
3010,17149709
3011,17149732
3012,17149733
3013,17149740
3014,17149767
3015,17149769
3016,17149778
3017,17149779
3018,17149787
3019,17149804
3020,17149809
3021,17149879
3022,17149891
3023,17149910
3024,17149922
3025,17149932
3026,17149941
3027,17149957
3028,17149968
3029,17149976
3030,17149978
3031,17149981
3032,17150008
3033,17150013
3034,17150040
3035,17150053
3036,17150054
3037,17150055
3038,17150062
3039,17150075
3040,17150094
3041,17150099
3042,17150131
3043,17150182
3044,17150187
3045,17150201
3046,17150239
3047,17150252
3048,17150310
3049,17150330
3050,17150363
3051,17150383
3052,17150400
3053,17150407
3054,17150429
3055,17150433
3056,17150435
3057,17150442
3058,17150465
3059,17150472
3060,17150482
3061,17150510
3062,17150551
3063,17150556
3064,17150579
3065,17150599
3066,17150601
3067,17150604
3068,17150626
3069,17150630
3070,17150640
3071,17150665
3072,17150680
3073,17150704
3074,17150710
3075,17150740
3076,17150777
3077,17150843
3078,17150847
3079,17150862
3080,17150887
3081,17150903
3082,17150909
3083,17150910
3084,17150926
3085,17150962
3086,17150965
3087,17150966
3088,17150980
3089,17150985
3090,17150989
3091,17151010
3092,17151015
3093,17151020
3094,17151029
3095,17151037
3096,17151058
3097,17151104
3098,17151143
3099,17151146
3100,17151147
3101,17151149
3102,17151176
3103,17151183
3104,17151187
3105,17151195
3106,17151210
3107,17151226
3108,17151250
3109,17151274
3110,17151276
3111,17151281
3112,17151285
3113,17151330
3114,17151337
3115,17151353
3116,17151383
3117,17151403
3118,17151460
3119,17151475
3120,17151499
3121,17151532
3122,17151561
3123,17151576
3124,17151599
3125,17151656
3126,17151716
3127,17151738
3128,17151752
3129,17151780
3130,17151815
3131,17151829
3132,17151831
3133,17151871
3134,17151878
3135,17151880
3136,17151897
3137,17151899
3138,17151904
3139,17151907
3140,17151910
3141,17151922
3142,17151937
3143,17151945
3144,17151946
3145,17151950
3146,17151952
3147,17151956
3148,17151959
3149,17151969
3150,17151982
3151,17152001
3152,17152004
3153,17152005
3154,17152030
3155,17152084
3156,17152103
3157,17152109
3158,17152111
3159,17152128
3160,17152132
3161,17152166
3162,17152190
3163,17152198
3164,17152201
3165,17152213
3166,17152221
3167,17152224
3168,17152237
3169,17152238
3170,17152254
3171,17152256
3172,17152271
3173,17152296
3174,17152299
3175,17152300
3176,17152301
3177,17152333
3178,17152342
3179,17152366
3180,17152390
3181,17152399
3182,17152409
3183,17152448
3184,17152451
3185,17152456
3186,17152464
3187,17152467
3188,17152493
3189,17152560
3190,17152651
3191,17152659
3192,17152669
3193,17152671
3194,17152753
3195,17152789
3196,17152800
3197,17152803
3198,17152808
3199,17152811
3200,17152868
3201,17152887
3202,17152913
3203,17152961
3204,17152989
3205,17153024
3206,17153047
3207,17153080
3208,17153085
3209,17153090
3210,17153104
3211,17153107
3212,17153116
3213,17153126
3214,17153138
3215,17153145
3216,17153159
3217,17153205
3218,17153211
3219,17153217
3220,17153226
3221,17153243
3222,17153262
3223,17153287
3224,17153305
3225,17153336
3226,17153339
3227,17153348
3228,17153367
3229,17153384
3230,17153388
3231,17153392
3232,17153397
3233,17153398
3234,17153412
3235,17153414
3236,17153424
3237,17153443
3238,17153444
3239,17153468
3240,17153479
3241,17153493
3242,17153506
3243,17153553
3244,17153563
3245,17153586
3246,17153587
3247,17153608
3248,17153614
3249,17153632
3250,17153681
3251,17153688
3252,17153690
3253,17153702
3254,17153716
3255,17153725
3256,17153730
3257,17153749
3258,17153751
3259,17153788
3260,17153829
3261,17153832
3262,17153834
3263,17153852
3264,17153860
3265,17153865
3266,17153913
3267,17153932
3268,17153959
3269,17153978
3270,17154020
3271,17154101
3272,17154108
3273,17154129
3274,17154152
3275,17154199
3276,191041233
3277,191017190
3278,191029548
3279,191039558
3280,191048993
3281,191044744
3282,191044534
3283,191006702
3284,191020003
3285,191044941
3286,191004434
3287,191042136
3288,191020031
3289,191050518
3290,191046709
3291,191019175
3292,191009465
3293,191014442
3294,191008894
3295,191014711
3296,191000347
3297,191018007
3298,191024670
3299,191017353
3300,191024553
3301,191002390
3302,191002584
3303,191006865
3304,191044182
3305,191004082
3306,191031457
3307,191028450
3308,191037748
3309,191049981
3310,191013069
3311,191008763
3312,191000782
3313,191048081
3314,192009014
3315,191001673
3316,191024054
3317,191022097
3318,191012513
3319,191045707
3320,191044506
3321,191033734
3322,191007278
3323,191040816
3324,191046048
3325,191042983
3326,191041728
3327,192008353
3328,192010344
3329,191004800
3330,191051496
3331,191044398
3332,192000401
3333,191027319
3334,191051935
3335,191046597
3336,191005382
3337,191034577
3338,191032674
3339,191046559
3340,191028728
3341,191047279
3342,192016339
3343,191050923
3344,191017305
3345,191000262
3346,191013527
3347,191033478
3348,191032404
3349,192016120
3350,191031719
3351,191051715
3352,191013603
3353,191003893
3354,191019618
3355,191044309
3356,191025567
3357,191051612
3358,191044279
3359,191011470
3360,192003328
3361,191031683
3362,191051637
3363,191042751
3364,191047393
3365,191018044
3366,191024725
3367,191018771
3368,191028804
3369,191050460
3370,191024571
3371,191051756
3372,191024980
3373,191009807
3374,191031159
3375,191026969
3376,191003795
3377,191037691
3378,191044322
3379,191029584
3380,191046905
3381,191050791
3382,191014026
3383,191007024
3384,191048897
3385,192009753
3386,192007422
3387,191001759
3388,191018692
3389,191052036
3390,191017483
3391,191047962
3392,192007369
3393,191024368
3394,191026691
3395,192001785
3396,191043142
3397,191017697
3398,192002837
3399,191000396
3400,191009432
3401,191002083
3402,191047940
3403,191050050
3404,191011781
3405,191016962
3406,191031292
3407,191024441
3408,191028301
3409,191024849
3410,191044472
3411,191014117
3412,191007300
3413,191003306
3414,191005361
3415,191033638
3416,191038959
3417,191001698
3418,191003907
3419,191044974
3420,191006877
3421,191043129
3422,191022879
3423,191000874
3424,191033047
3425,191021959
3426,191028446
3427,191022287
3428,191018968
3429,191031221
3430,191025108
3431,192002719
3432,191012914
3433,191002330
3434,191008687
3435,191042131
3436,191005465
3437,191009632
3438,191008892
3439,191016132
3440,191042909
3441,191025627
3442,191032252
3443,191017090
3444,191013517
3445,192015240
3446,191038925
3447,191031999
3448,191029580
3449,191016037
3450,191040893
3451,191000154
3452,191005865
3453,191013631
3454,191051155
3455,191036090
3456,191004671
3457,191003577
3458,191037278
3459,191006405
3460,191009808
3461,191013567
3462,191028154
3463,191008341
3464,191025304
3465,191036450
3466,191038503
3467,191016275
3468,191004799
3469,191048384
3470,191015915
3471,191014175
3472,191045033
3473,191013331
3474,192001609
3475,191043137
3476,191039433
3477,191011025
3478,191044008
3479,191042647
3480,191016326
3481,191047500
3482,191014477
3483,191000873
3484,191002211
3485,191000722
3486,191049126
3487,191047568
3488,191038305
3489,191041943
3490,191021279
3491,191020154
3492,191017590
3493,191008789
3494,191002564
3495,191050433
3496,191051609
3497,191024876
3498,191011572
3499,191021595
3500,191019330
3501,191033246
3502,191049384
3503,191048966
3504,191047067
3505,191009008
3506,191000131
3507,191031010
3508,191037663
3509,191015656
3510,192007110
3511,191044609
3512,191037795
3513,191021337
3514,191052224
3515,191009256
3516,191002348
3517,192012614
3518,191001040
3519,192009992
3520,191046216
3521,191016045
3522,192002209
3523,191022830
3524,191001174
3525,192014238
3526,191006642
3527,191017573
3528,191045774
3529,191037918
3530,191037638
3531,191043559
3532,191019337
3533,191038722
3534,191030151
3535,191035019
3536,191013051
3537,191001700
3538,191004453
3539,191049724
3540,191006367
3541,191028907
3542,191013725
3543,191048423
3544,191011196
3545,191022058
3546,192015272
3547,191008498
3548,191050750
3549,191039233
3550,191027724
3551,191051415
3552,192003346
3553,191042063
3554,191028447
3555,191045182
3556,192011561
3557,191047654
3558,191048705
3559,191052590
3560,191030716
3561,191025647
3562,191046897
3563,191024397
3564,191041776
3565,191016902
3566,191014549
3567,192010415
3568,191012216
3569,191038197
3570,191046051
3571,191034460
3572,191024245
3573,191019044
3574,191051520
3575,191028411
3576,191019203
3577,191044284
3578,191016213
3579,191021827
3580,191038563
3581,191047856
3582,191018034
3583,191048987
3584,191008039
3585,191037291
3586,192002352
3587,192003096
3588,191048604
3589,191043610
3590,191002389
3591,191006818
3592,192006823
3593,191047698
3594,191023302
3595,191021162
3596,191014635
3597,191012146
3598,192013280
3599,191020847
3600,191028560
3601,191010175
3602,191048921
3603,191020013
3604,191045430
3605,191017302
3606,191029466
3607,191039479
3608,192017935
3609,192010950
3610,191049378
3611,192006034
3612,191048859
3613,191048268
3614,191034469
3615,191008739
3616,191016499
3617,191041717
3618,191040245
3619,191027280
3620,191011182
3621,191023568
3622,191001361
3623,191000142
3624,191038988
3625,191003036
3626,192012118
3627,191037564
3628,191014351
3629,191014988
3630,191031428
3631,191052375
3632,191020451
3633,191045203
3634,191010170
3635,191045499
3636,191005127
3637,191043365
3638,191050850
3639,191050052
3640,191032142
3641,192007196
3642,192013909
3643,191006490
3644,191030701
3645,191012224
3646,191041802
3647,191023167
3648,191011859
3649,191049854
3650,191044879
3651,191016701
3652,192007649
3653,191020747
3654,191000711
3655,191040319
3656,191004352
3657,191028679
3658,192007948
3659,191028049
3660,191020816
3661,192014971
3662,191050646
3663,191018769
3664,191012259
3665,191000145
3666,191048165
3667,191028394
3668,191008857
3669,192012835
3670,191046475
3671,191013965
3672,191001396
3673,191040500
3674,191015090
3675,191050339
3676,191002296
3677,191022158
3678,191036821
3679,191032089
3680,191012783
3681,191049813
3682,191037453
3683,191001070
3684,191017909
3685,191041254
3686,191045911
3687,192001227
3688,191018061
3689,191023318
3690,191031657
3691,191051771
3692,192009977
3693,191000888
3694,191036257
3695,191037277
3696,191036534
3697,191012435
3698,191005721
3699,191029740
3700,191002674
3701,191016136
3702,191008543
3703,191031285
3704,191003855
3705,191025169
3706,191013192
3707,191012707
3708,191051483
3709,191040028
3710,191032264
3711,191028752
3712,191016520
3713,191045072
3714,191051072
3715,191001933
3716,192000691
3717,191026158
3718,191010845
3719,192010616
3720,191041025
3721,191036228
3722,191019688
3723,191038451
3724,192015576
3725,191014836
3726,191008683
3727,191021357
3728,191006841
3729,191015857
3730,191019980
3731,191004973
3732,191017570
3733,191041757
3734,191015195
3735,192011120
3736,191000001
3737,191038522
3738,191026918
3739,191003182
3740,192003953
3741,191023584
3742,191036648
3743,192012086
3744,191045351
3745,192018304
3746,191031894
3747,191032634
3748,192000189
3749,191040111
3750,191022560
3751,191010245
3752,191022628
3753,191042069
3754,191039865
3755,191033436
3756,191011997
3757,191021368
3758,191048964
3759,191031656
3760,192014507
3761,191028826
3762,191041942
3763,191025447
3764,191010980
3765,192003347
3766,191006685
3767,191020453
3768,191032610
3769,191005103
3770,191004952
3771,191002944
3772,191030446
3773,191006634
3774,191036219
3775,191014914
3776,191020612
3777,191009660
3778,192015188
3779,191043359
3780,191044067
3781,191037287
3782,191032787
3783,191028380
3784,191006804
3785,191030739
3786,191034762
3787,191033469
3788,191008858
3789,191002958
3790,191051613
3791,192006199
3792,191025006
3793,191020714
3794,191018362
3795,191013208
3796,191041619
3797,191028290
3798,191015335
3799,191051996
3800,191000717
3801,191050278
3802,191007557
3803,191001429
3804,191005819
3805,192006099
3806,191026699
3807,191033128
3808,192016615
3809,191001493
3810,191004698
3811,191016041
3812,191033221
3813,191030748
3814,191012112
3815,191044709
3816,191008706
3817,191023021
3818,191008767
3819,191023063
3820,191006981
3821,191005877
3822,191036845
3823,191016539
3824,191024673
3825,191040045
3826,191033624
3827,191052462
3828,191031376
3829,191012135
3830,191037604
3831,191037324
3832,191020412
3833,191017603
3834,191021299
3835,192009667
3836,191003031
3837,191047827
3838,191024690
3839,192010054
3840,191008224
3841,191031393
3842,191029205
3843,191007580
3844,191021945
3845,191023828
3846,191029666
3847,191011677
3848,191049371
3849,191042071
3850,191041304
3851,191049209
3852,191009787
3853,191047830
3854,191028205
3855,192004301
3856,192008314
3857,191012970
3858,192000501
3859,191021833
3860,191036072
3861,191030668
3862,191020089
3863,191051074
3864,191003227
3865,191050639
3866,191011435
3867,191004329
3868,191015396
3869,191029724
3870,191037223
3871,192016387
3872,191039718
3873,191026053
3874,191000535
3875,191042779
3876,191029037
3877,192017308
3878,191048675
3879,191022461
3880,191029383
3881,191036345
3882,191017842
3883,191037125
3884,191013989
3885,191022690
3886,191005716
3887,191049128
3888,191029719
3889,191015383
3890,191049487
3891,191004566
3892,191005958
3893,191018471
3894,191030277
3895,191025494
3896,191029048
3897,191045639
3898,191009898
3899,191032636
3900,191030306
3901,192016135
3902,191007908
3903,192016109
3904,191051525
3905,192009627
3906,191029827
3907,191007398
3908,192016164
3909,191024103
3910,191001067
3911,191032230
3912,191041171
3913,191025513
3914,191052126
3915,191016767
3916,191012019
3917,191021653
3918,191007689
3919,191026405
3920,192016889
3921,191007252
3922,191003993
3923,191027775
3924,191007249
3925,191017994
3926,191001162
3927,191036343
3928,192001317
3929,191027022
3930,191022185
3931,191017370
3932,191049035
3933,191016491
3934,191015995
3935,191030755
3936,191028956
3937,191042994
3938,191037269
3939,192000507
3940,191036527
3941,191018019
3942,191004425
3943,191048032
3944,191050318
3945,191029221
3946,191022844
3947,191047364
3948,192005402
3949,191036091
3950,191049707
3951,191016779
3952,191052187
3953,191023322
3954,192002622
3955,191041091
3956,191037904
3957,192000943
3958,191035485
3959,192009808
3960,191031235
3961,192017780
3962,191018842
3963,191052028
3964,191037257
3965,192006070
3966,191025499
3967,191016713
3968,191036611
3969,192000614
3970,191026798
3971,191006204
3972,191026011
3973,191048018
3974,191006523
3975,191043613
3976,191043643
3977,191001960
3978,191048274
3979,192001145
3980,191004408
3981,191033938
3982,191026353
3983,192015440
3984,191000410
3985,191031864
3986,191022888
3987,191046869
3988,191044084
3989,191008847
3990,191017385
3991,191003068
3992,191049733
3993,191040062
3994,191019998
3995,192015744
3996,191036469
3997,191000345
3998,191001502
3999,191008702
4000,191001755
4001,191017083
4002,192013009
4003,191016398
4004,191012423
4005,191044848
4006,191007599
4007,191043317
4008,191022012
4009,191038159
4010,191010405
4011,191035042
4012,191024974
4013,191048055
4014,191041134
4015,191049811
4016,191012079
4017,191001694
4018,191039190
4019,191026618
4020,191045259
4021,191032361
4022,191028870
4023,191038176
4024,191038189
4025,191016896
4026,192016844
4027,191025291
4028,191035184
4029,192007364
4030,191028043
4031,191007660
4032,191047318
4033,191011190
4034,191017940
4035,191017900
4036,191049872
4037,191036944
4038,191021425
4039,191045523
4040,191004013
4041,191034123
4042,191029890
4043,191028119
4044,191047526
4045,192018425
4046,191049379
4047,191009978
4048,191047667
4049,192009823
4050,191019684
4051,191037722
4052,191022004
4053,191049597
4054,191001849
4055,191028508
4056,191028445
4057,191030199
4058,191003072
4059,191017751
4060,191029117
4061,191026014
4062,191008034
4063,191032711
4064,191026063
4065,191037405
4066,192017213
4067,191021160
4068,191005915
4069,191037934
4070,191003048
4071,191004204
4072,192017305
4073,191042965
4074,191010429
4075,191024898
4076,191024929
4077,191018467
4078,191045954
4079,191029340
4080,191012352
4081,191029206
4082,191001829
4083,191048498
4084,191021969
4085,191029904
4086,191041251
4087,191044209
4088,191021200
4089,191016253
4090,191047725
4091,191018105
4092,191007350
4093,191021466
4094,192003236
4095,191001935
4096,191045708
4097,191017410
4098,191029275
4099,191021799
4100,191022905
4101,191005129
4102,192005629
4103,191002359
4104,191042570
4105,191050611
4106,192003214
4107,192004303
4108,191027501
4109,191002253
4110,191021665
4111,191029432
4112,192004460
4113,191042236
4114,191010435
4115,191015043
4116,191036585
4117,191039362
4118,191017347
4119,191034124
4120,191008614
4121,191045372
4122,192017801
4123,191030998
4124,191017055
4125,191008093
4126,191047563
4127,192000940
4128,191044305
4129,191022809
4130,191050538
4131,191018738
4132,191010039
4133,191049050
4134,191047053
4135,191015234
4136,191052016
4137,191043773
4138,191016711
4139,192016040
4140,191014566
4141,191002744
4142,191047960
4143,191034914
4144,191031442
4145,191033230
4146,191050787
4147,191009252
4148,192008155
4149,191020113
4150,191011705
4151,191019214
4152,191033596
4153,191045819
4154,191007506
4155,191034115
4156,191004031
4157,191052186
4158,191041064
4159,191039071
4160,192016016
4161,191041913
4162,191031950
4163,191038932
4164,191009028
4165,191029599
4166,192010032
4167,192006600
4168,191023749
4169,191020877
4170,192011921
4171,191032165
4172,192017368
4173,192001705
4174,191037954
4175,191024197
4176,191035329
4177,191028634
4178,191013671
4179,191030661
4180,191011681
4181,192013144
4182,191028898
4183,191021141
4184,191021706
4185,191019900
4186,191026749
4187,191045114
4188,191001923
4189,192014554
4190,191052156
4191,191000448
4192,191042372
4193,192002573
4194,191037925
4195,191033179
4196,192003272
4197,192002641
4198,191007497
4199,191032497
4200,191042900
4201,192001103
4202,191008340
4203,191008628
4204,191017248
4205,191023222
4206,191051221
4207,191011588
4208,191006222
4209,191015884
4210,191032547
4211,192018332
4212,191016528
4213,191027188
4214,191004322
4215,191029119
4216,192004720
4217,192014685
4218,191029358
4219,191005087
4220,191003109
4221,191000463
4222,191034263
4223,191038595
4224,192007163
4225,192000847
4226,191051798
4227,191047071
4228,191045051
4229,191032990
4230,191018006
4231,191042816
4232,191052298
4233,191037373
4234,191050860
4235,191000721
4236,191000352
4237,191050678
4238,192004342
4239,191010027
4240,191047747
4241,191040759
4242,191047394
4243,191006802
4244,191025065
4245,191024407
4246,191035374
4247,191006337
4248,191002087
4249,191034446
4250,191002355
4251,191044653
4252,191009534
4253,191031025
4254,191002197
4255,191026358
4256,191050285
4257,191051768
4258,191008140
4259,191031467
4260,191027189
4261,191037900
4262,191037170
4263,191014048
4264,191035253
4265,191038841
4266,191032620
4267,191035640
4268,191047429
4269,191049463
4270,191034058
4271,191034407
4272,191006161
4273,191019726
4274,191045793
4275,192017433
4276,191009284
4277,191019614
4278,191044705
4279,191023056
4280,191015596
4281,191014340
4282,191042955
4283,191042977
4284,191005116
4285,191021287
4286,191048344
4287,191027432
4288,191030509
4289,191029312
4290,191001293
4291,191050176
4292,191045157
4293,191029384
4294,191034858
4295,191040717
4296,191036526
4297,191046706
4298,191043245
4299,191014404
4300,191043842
4301,191029493
4302,191015471
4303,191016546
4304,191017106
4305,191027793
4306,191030447
4307,191015528
4308,191030906
4309,191019307
4310,191006890
4311,191021617
4312,191028667
4313,191024231
4314,191012258
4315,191029390
4316,191034148
4317,191020627
4318,191015609
4319,191033547
4320,191020084
4321,191009153
4322,191017723
4323,191034989
4324,191033310
4325,191038329
4326,191033798
4327,191047084
4328,191021377
4329,191050599
4330,191039210
4331,191001238
4332,191009017
4333,192000571
4334,192005467
4335,191014862
4336,191002081
4337,191046773
4338,191031011
4339,191007020
4340,191037831
4341,192003397
4342,191035043
4343,191000869
4344,191030989
4345,192005081
4346,191024809
4347,192006955
4348,192005536
4349,191008042
4350,191008472
4351,191019281
4352,192009342
4353,191028014
4354,192011448
4355,192002130
4356,191015593
4357,192016442
4358,192004572
4359,191022317
4360,191020299
4361,191001458
4362,191024167
4363,192011739
4364,191018612
4365,192014086
4366,191035653
4367,191014567
4368,191017974
4369,192017362
4370,191018683
4371,191042128
4372,191000250
4373,191019093
4374,192009781
4375,192001204
4376,191010592
4377,191026574
4378,191023398
4379,191043117
4380,191031142
4381,191023357
4382,192015411
4383,191033098
4384,191033883
4385,191049459
4386,192002628
4387,191009954
4388,192017096
4389,191005369
4390,191018584
4391,192000088
4392,191039140
4393,192003019
4394,191025168
4395,191026972
4396,191041731
4397,191022414
4398,191012463
4399,191016731
4400,191029279
4401,191044878
4402,191042114
4403,191032842
4404,191018327
4405,191042038
4406,191033349
4407,191037677
4408,191023013
4409,191035818
4410,191030364
4411,191028917
4412,191050650
4413,191045004
4414,192002045
4415,191034327
4416,191019503
4417,191042498
4418,192004873
4419,192004468
4420,191023824
4421,191040459
4422,191032554
4423,191030844
4424,191003486
4425,192000364
4426,191044186
4427,191004155
4428,191042901
4429,191045057
4430,191035795
4431,191011606
4432,191029515
4433,191042072
4434,191012132
4435,191021506
4436,191049758
4437,191001119
4438,191048236
4439,191034261
4440,191050769
4441,191018906
4442,191025844
4443,191016341
4444,192009474
4445,192004021
4446,191040305
4447,191040963
4448,191049988
4449,191004450
4450,191036991
4451,191024481
4452,191014162
4453,192001226
4454,191000495
4455,191030126
4456,191010064
4457,191035088
4458,191026791
4459,192016521
4460,191040780
4461,192015694
4462,191020573
4463,191049329
4464,191017778
4465,191002438
4466,191025337
4467,192013256
4468,191031843
4469,191026734
4470,191013080
4471,192006906
4472,192006456
4473,191025396
4474,191020445
4475,191026521
4476,191020011
4477,192010326
4478,192009333
4479,191003974
4480,191014122
4481,192010580
4482,191043568
4483,192005790
4484,191045596
4485,192007791
4486,191051653
4487,191014576
4488,191049670
4489,192006604
4490,192013884
4491,191041103
4492,191045947
4493,192007252
4494,191048437
4495,191048298
4496,192012529
4497,191035716
4498,191040755
4499,192010542
4500,192014193
4501,191010341
4502,191022629
4503,191021908
4504,191009242
4505,191006440
4506,192000708
4507,192009785
4508,192015332
4509,191003592
4510,192009399
4511,191008040
4512,191046231
4513,191019669
4514,191038762
4515,192005507
4516,192010125
4517,191009248
4518,191033648
4519,191021268
4520,191021667
4521,191026940
4522,191011434
4523,191014203
4524,191022220
4525,191049524
4526,191009178
4527,191023354
4528,191009378
4529,191047402
4530,191004760
4531,191035671
4532,191006399
4533,191005790
4534,191037162
4535,191048073
4536,191022178
4537,191043707
4538,191050555
4539,191017238
4540,192011675
4541,191035118
4542,191029682
4543,191040873
4544,191003950
4545,191028384
4546,191013788
4547,191027811
4548,191045005
4549,191000092
4550,191040194
4551,192005319
4552,192002184
4553,192006853
4554,192017641
4555,192010482
4556,191023849
4557,191047265
4558,191007901
4559,191041633
4560,191004175
4561,191010049
4562,192003763
4563,191041547
4564,191011719
4565,191018404
4566,191031231
4567,191000529
4568,191042565
4569,191018888
4570,191021536
4571,191013677
4572,192017889
4573,191027978
4574,191006898
4575,191026689
4576,191014649
4577,191028308
4578,191026034
4579,191024610
4580,191023665
4581,191017474
4582,191034930
4583,191046417
4584,191028609
4585,191009257
4586,191005781
4587,191018091
4588,191007778
4589,191052499
4590,192012408
4591,192001657
4592,192004807
4593,192007877
4594,191024442
4595,191006602
4596,191039346
4597,191026612
4598,191030514
4599,191035755
4600,191001337
4601,191012781
4602,191005782
4603,191047989
4604,191042557
4605,191052011
4606,191024839
4607,192003401
4608,191000970
4609,191024608
4610,191020136
4611,191033684
4612,191041984
4613,191049898
4614,191029997
4615,191022717
4616,191001024
4617,191011760
4618,191038381
4619,191051344
4620,192016500
4621,191047715
4622,192010824
4623,191024736
4624,191036282
4625,191020414
4626,191047598
4627,191014304
4628,191050726
4629,191033537
4630,191042582
4631,191012516
4632,191033809
4633,191045976
4634,191013042
4635,191023989
4636,191014907
4637,191036755
4638,192000764
4639,192002263
4640,191017027
4641,191028080
4642,191005059
4643,191000049
4644,191028665
4645,191032749
4646,192002393
4647,191004605
4648,191026746
4649,191048940
4650,191036572
4651,191051111
4652,191047110
4653,191048688
4654,192001451
4655,191015524
4656,191041668
4657,191033398
4658,191011394
4659,191023895
4660,191031212
4661,191007787
4662,191043755
4663,192000145
4664,191003775
4665,191016256
4666,191034819
4667,191037758
4668,191030515
4669,191044179
4670,192017287
4671,191028559
4672,191005866
4673,191051295
4674,191004562
4675,192015037
4676,192016808
4677,192006450
4678,191031793
4679,191022881
4680,191044078
4681,191007813
4682,191022098
4683,192008087
4684,192011753
4685,191044185
4686,191009969
4687,191034290
4688,191044900
4689,191043978
4690,192011138
4691,191011870
4692,191019316
4693,192017480
4694,191028327
4695,191015707
4696,192000474
4697,191022738
4698,191011910
4699,191050495
4700,191033337
4701,191006752
4702,192013559
4703,192007861
4704,192016168
4705,191003766
4706,191050644
4707,191030302
4708,191048863
4709,191048016
4710,191002762
4711,191047331
4712,191004591
4713,191006706
4714,191006995
4715,191009208
4716,191022969
4717,192016279
4718,192014396
4719,192013525
4720,192005434
4721,192014637
4722,191001687
4723,192010225
4724,191030399
4725,191045658
4726,191021845
4727,191048194
4728,192008977
4729,191001141
4730,191030238
4731,192009817
4732,191019104
4733,191043512
4734,192003651
4735,191019906
4736,192002534
4737,191035992
4738,191034905
4739,191051098
4740,192007166
4741,191026610
4742,191035109
4743,191001147
4744,191034066
4745,191033031
4746,191027468
4747,191019866
4748,192008252
4749,191030102
4750,192012173
4751,192000333
4752,192005963
4753,191001028
4754,191002659
4755,191024023
4756,192011014
4757,191028668
4758,192008090
4759,191048767
4760,191048538
4761,191021120
4762,191039792
4763,192002522
4764,191036771
4765,191026725
4766,192006165
4767,191037892
4768,192015270
4769,192004534
4770,191040342
4771,192016419
4772,192002658
4773,192005952
4774,191011961
4775,192003585
4776,191014555
4777,192005062
4778,191002486
4779,192014140
4780,191017265
4781,191036462
4782,192015179
4783,191013465
4784,192002765
4785,191035877
4786,191013213
4787,191032028
4788,191039611
4789,191016790
4790,191010157
4791,191027286
4792,191019531
4793,191015446
4794,191024064
4795,191016494
4796,191023095
4797,191049520
4798,191022013
4799,191027542
4800,191028058
4801,192000542
4802,191018358
4803,192014883
4804,191020204
4805,191023474
4806,192004009
4807,191033303
4808,191018551
4809,192014385
4810,191038051
4811,192004134
4812,191007730
4813,191037486
4814,191051516
4815,191019847
4816,191029035
4817,191039670
4818,191007870
4819,192008010
4820,191009886
4821,191010036
4822,192016231
4823,192015436
4824,191040653
4825,191024707
4826,191035411
4827,192000075
4828,192016495
4829,191037426
4830,192002108
4831,191036183
4832,191025875
4833,191022473
4834,191049022
4835,191006673
4836,191037475
4837,191046888
4838,191023625
4839,191037149
4840,192016249
4841,191020424
4842,191037577
4843,191048238
4844,192001504
4845,191027291
4846,192015544
4847,192014000
4848,191043809
4849,191042145
4850,191028094
4851,191010707
4852,191044993
4853,192007606
4854,191018015
4855,192010962
4856,191032413
4857,191022080
4858,191020022
4859,191050681
4860,191035195
4861,191045091
4862,192006602
4863,191005783
4864,192014422
4865,191009462
4866,191010555
4867,191028015
4868,191024357
4869,192012452
4870,192018251
4871,191050343
4872,191027212
4873,191001230
4874,191028986
4875,191005683
4876,191006866
4877,192002609
4878,191003499
4879,192005609
4880,192009164
4881,191027464
4882,192001921
4883,192004407
4884,192014184
4885,191012500
4886,191029910
4887,191013826
4888,191031913
4889,191004681
4890,192008179
4891,191025234
4892,192007323
4893,191032379
4894,192010530
4895,191001794
4896,192011903
4897,191009183
4898,191019806
4899,191020276
4900,191035058
4901,191001321
4902,191013319
4903,192012153
4904,191031581
4905,191051994
4906,191014140
4907,191016937
4908,192002010
4909,192013034
4910,191028143
4911,191011300
4912,191022036
4913,191008299
4914,191000680
4915,191027358
4916,192009546
4917,192006386
4918,192013276
4919,191004011
4920,191049879
4921,191010688
4922,192017700
4923,191010891
4924,192015056
4925,192017039
4926,191043990
4927,191050268
4928,191025033
4929,191017017
4930,191000441
4931,192003244
4932,191038559
4933,192015076
4934,192002345
4935,192007933
4936,192013296
4937,192015063
4938,191018724
4939,191031503
4940,192014648
4941,192005502
4942,191047588
4943,191007039
4944,191033712
4945,192003729
4946,191027458
4947,191050324
4948,191035537
4949,192009071
4950,191014522
4951,192001388
4952,192007395
4953,191008335
4954,192007477
4955,192016267
4956,191005584
4957,191051940
4958,191047339
4959,191034268
4960,191017116
4961,191004356
4962,192012821
4963,192017379
4964,192002206
4965,191001548
4966,191025851
4967,191005827
4968,191009539
4969,192005737
4970,192002894
4971,191052017
4972,192001783
4973,192001189
4974,192004714
4975,191019974
4976,191027830
4977,191032103
4978,191033255
4979,191007070
4980,191008582
4981,191040284
4982,192001112
4983,191012582
4984,191044840
4985,191018296
4986,191008404
4987,191031342
4988,191007038
4989,191032153
4990,191028611
4991,191019011
4992,191021136
4993,191012841
4994,191015105
4995,191022171
4996,191006828
4997,191039295
4998,191014236
4999,191002356
5000,191045536
5001,191050314
5002,191017970
5003,191013254
5004,191004239
5005,191039699
5006,191004648
5007,191028044
5008,191030276
5009,191042101
5010,191028557
5011,191019885
5012,191038217
5013,191015391
5014,192014419
5015,191038363
5016,191020566
5017,191037988
5018,191009463
5019,192013648
5020,191046735
5021,191001525
5022,191042545
5023,191047918
5024,191009444
5025,191046068
5026,191031528
5027,191005999
5028,191038982
5029,191016218
5030,191012230
5031,191022301
5032,191030067
5033,192013577
5034,191030593
5035,191020463
5036,191025427
5037,191000961
5038,191019965
5039,191029774
5040,192014253
5041,191008217
5042,191030628
5043,191027230
5044,192013958
5045,191038991
5046,192001265
5047,191049979
5048,192015212
5049,191047687
5050,191046324
5051,191034900
5052,191032088
5053,192014885
5054,191041498
5055,191050364
5056,192003994
5057,192012576
5058,192002016
5059,192000525
5060,192009825
5061,191026372
5062,192003208
5063,191013951
5064,191034715
5065,191021574
5066,191035888
5067,191029407
5068,191046047
5069,192009331
5070,191051173
5071,191017227
5072,192003819
5073,192001490
5074,191011951
5075,192009444
5076,192017485
5077,192010445
5078,191036307
5079,191028953
5080,192003664
5081,191032469
5082,191023011
5083,191008349
5084,192002783
5085,191008794
5086,191047026
5087,191005375
5088,191030629
5089,191047284
5090,191048161
5091,191026919
5092,191012668
5093,192003612
5094,192014764
5095,191018670
5096,191007697
5097,192007388
5098,191030316
5099,191007808
5100,192016499
5101,191043405
5102,192012434
5103,192016613
5104,191048823
5105,192005589
5106,191032526
5107,192016158
5108,192014845
5109,192005440
5110,192011845
5111,192000066
5112,191028715
5113,192005408
5114,191002450
5115,192017567
5116,191033471
5117,192004395
5118,191030256
5119,191048187
5120,191031932
5121,191009074
5122,191017715
5123,192015305
5124,191004930
5125,191041563
5126,192012315
5127,191007500
5128,192005887
5129,192003055
5130,191018844
5131,192001065
5132,192009489
5133,192003309
5134,192015343
5135,191012446
5136,192001834
5137,191043708
5138,191042622
5139,191012724
5140,191013281
5141,191007636
5142,191020918
5143,191021007
5144,191004371
5145,191048380
5146,192002483
5147,191002946
5148,191008325
5149,191042938
5150,191039200
5151,191034374
5152,192007021
5153,191014290
5154,191038064
5155,191019311
5156,191027820
5157,192008751
5158,191009613
5159,191025431
5160,191048693
5161,192015402
5162,192017097
5163,191041747
5164,191026390
5165,191017946
5166,191049659
5167,191004433
5168,191041163
5169,192002843
5170,192001393
5171,191040134
5172,191013475
5173,191033642
5174,191050839
5175,191018009
5176,191047535
5177,191045611
5178,191024604
5179,191018708
5180,191046859
5181,191019454
5182,191011458
5183,191012827
5184,191036331
5185,192002356
5186,191039738
5187,191046448
5188,191022039
5189,191024439
5190,191043076
5191,191000587
5192,191024648
5193,191030519
5194,191007265
5195,191043603
5196,191037084
5197,191010818
5198,191025473
5199,191003190
5200,191030597
5201,191000031
5202,191004842
5203,191030902
5204,191029647
5205,191013258
5206,191048803
5207,191031323
5208,191044152
5209,191018168
5210,191041662
5211,191000771
5212,192016095
5213,191011639
5214,191027780
5215,191046326
5216,191038088
5217,191009267
5218,191023336
5219,191010425
5220,191035638
5221,191007834
5222,191014959
5223,191025482
5224,191039412
5225,192009599
5226,191018307
5227,191019953
5228,191049665
5229,191031088
5230,191020140
5231,191011613
5232,191006560
5233,191028495
5234,191046778
5235,191026005
5236,191030706
5237,191028989
5238,191001195
5239,191026055
5240,191021078
5241,191051795
5242,191012279
5243,191047788
5244,191015247
5245,191026667
5246,191020034
5247,191047888
5248,191015856
5249,191029363
5250,191045624
5251,192000648
5252,191032210
5253,191005910
5254,191033966
5255,191036322
5256,191023742
5257,191036941
5258,191002501
5259,191012866
5260,191009325
5261,191009561
5262,191014729
5263,191019490
5264,191000692
5265,192003903
5266,191003238
5267,191021625
5268,191027134
5269,191008476
5270,191038815
5271,192006221
5272,192011397
5273,192000693
5274,192011798
5275,191015026
5276,191034033
5277,191047835
5278,192011112
5279,191024918
5280,191018880
5281,191019621
5282,191012996
5283,191026766
5284,192013339
5285,192017575
5286,191007534
5287,192009120
5288,191027920
5289,191010927
5290,191003137
5291,191028591
5292,191001656
5293,191004729
5294,192001977
5295,191051596
5296,191013356
5297,191031646
5298,191041002
5299,191051119
5300,192002353
5301,192007953
5302,192005590
5303,191007847
5304,191011057
5305,192011175
5306,191044233
5307,191003681
5308,191022076
5309,191000538
5310,192015906
5311,192003526
5312,192001270
5313,191011774
5314,191043072
5315,191040405
5316,191010571
5317,191033410
5318,192010170
5319,192010438
5320,191013345
5321,191024522
5322,191011688
5323,192018344
5324,191004902
5325,191030131
5326,191044686
5327,191044445
5328,192002672
5329,191041885
5330,191042006
5331,192017761
5332,191014198
5333,191009716
5334,192015496
5335,191011006
5336,192015733
5337,191029992
5338,192013742
5339,191028858
5340,192008850
5341,192006972
5342,191006106
5343,191004539
5344,191034296
5345,192010895
5346,191042784
5347,192014509
5348,191000823
5349,191043520
5350,192010382
5351,191015819
5352,191043936
5353,191009963
5354,192017377
5355,191022248
5356,191018180
5357,192011915
5358,191009763
5359,191021175
5360,192006292
5361,192012861
5362,191013374
5363,191011775
5364,191010153
5365,192010103
5366,191037440
5367,191033018
5368,191050659
5369,192015428
5370,192018397
5371,191034704
5372,192000266
5373,192009617
5374,191047056
5375,191028461
5376,191017277
5377,191046350
5378,191018236
5379,191022753
5380,192001374
5381,191015863
5382,191029456
5383,191018626
5384,191011386
5385,192014007
5386,191004664
5387,192013078
5388,192009397
5389,192000219
5390,191010931
5391,191049591
5392,191013427
5393,191021542
5394,192016785
5395,191004327
5396,191029685
5397,191007684
5398,191034047
5399,191028451
5400,191023777
5401,191008874
5402,191030709
5403,191047288
5404,191005622
5405,192010292
5406,191037148
5407,191034093
5408,192016142
5409,191042249
5410,191044984
5411,191037152
5412,191019138
5413,191026369
5414,191028190
5415,191035293
5416,191051634
5417,191017937
5418,191014523
5419,191006633
5420,191050589
5421,191031756
5422,191024279
5423,191042152
5424,192008470
5425,192006076
5426,191043217
5427,191016162
5428,191041655
5429,191024445
5430,191008522
5431,191051835
5432,191028803
5433,191040586
5434,191039105
5435,191048896
5436,191028972
5437,191038089
5438,191032491
5439,191033517
5440,191031194
5441,191009928
5442,192005914
5443,191004939
5444,191007924
5445,191032679
5446,191010190
5447,191011251
5448,191046777
5449,191047499
5450,192007939
5451,192015078
5452,191033540
5453,192004524
5454,191048597
5455,191013212
5456,192006935
5457,191025657
5458,191043333
5459,192006684
5460,192006170
5461,191027486
5462,191003475
5463,191039641
5464,191000857
5465,191038450
5466,191035998
5467,191003531
5468,191027332
5469,191027061
5470,191009251
5471,191035603
5472,191039331
5473,192013332
5474,191011770
5475,192000050
5476,192009675
5477,192009717
5478,191038442
5479,192002165
5480,192018372
5481,192011326
5482,191036900
5483,192001798
5484,191020340
5485,192002024
5486,191021400
5487,192011906
5488,191020991
5489,191042330
5490,191030229
5491,191021777
5492,191002572
5493,191005294
5494,191047230
5495,191036272
5496,191031994
5497,191019480
5498,191022276
5499,191003617
5500,192004817
5501,191043207
5502,191046388
5503,191036284
5504,191029834
5505,191006620
5506,191052196
5507,192006693
5508,191032106
5509,192012458
5510,192016872
5511,191013645
5512,191041502
5513,191046808
5514,191042680
5515,192011395
5516,191044907
5517,192013676
5518,192004891
5519,191030097
5520,192016060
5521,191015763
5522,192012447
5523,192010388
5524,191007538
5525,191000531
5526,191002419
5527,192003163
5528,191015984
5529,191026775
5530,192016578
5531,191023458
5532,192008418
5533,192000441
5534,191050156
5535,191047049
5536,192009845
5537,192006668
5538,191043804
5539,192001494
5540,191002447
5541,191034678
5542,191011906
5543,191035747
5544,191024225
5545,191018186
5546,191035757
5547,191031973
5548,191025769
5549,192003730
5550,191009335
5551,191025047
5552,191041884
5553,191028919
5554,191027815
5555,191041586
5556,191050421
5557,191026332
5558,192004360
5559,192006564
5560,191011550
5561,191005797
5562,191033144
5563,192016514
5564,191019712
5565,191004022
5566,191017556
5567,191025371
5568,191019405
5569,191010966
5570,191038605
5571,191035977
5572,191005727
5573,191030559
5574,191008755
5575,191041925
5576,192005902
5577,192007750
5578,192016652
5579,192003437
5580,191047953
5581,191024937
5582,192015243
5583,191016789
5584,191017044
5585,192015060
5586,191002766
5587,191051416
5588,192017375
5589,192016762
5590,191044437
5591,191020466
5592,192009301
5593,191046725
5594,191000339
5595,191010601
5596,192015726
5597,192005405
5598,191020830
5599,191039008
5600,191000390
5601,192001946
5602,191026323
5603,191007349
5604,192018390
5605,191029288
5606,191027444
5607,191011832
5608,191042225
5609,191010795
5610,191006851
5611,191048482
5612,191003664
5613,192011644
5614,191022800
5615,191015877
5616,191030124
5617,192006497
5618,191041432
5619,191048241
5620,191022275
5621,191028587
5622,192006776
5623,191051130
5624,192016481
5625,192017819
5626,192002473
5627,191043196
5628,191028568
5629,192012708
5630,191009615
5631,191040891
5632,191026636
5633,191016402
5634,191036959
5635,191044815
5636,191004095
5637,191036580
5638,191020415
5639,192002168
5640,191018701
5641,191027144
5642,191035264
5643,191006817
5644,192018030
5645,191002114
5646,191007189
5647,191048967
5648,192002540
5649,191023218
5650,192007480
5651,191034057
5652,191029044
5653,192008573
5654,191051848
5655,192004559
5656,192007289
5657,191012447
5658,192018396
5659,191035923
5660,192005560
5661,191045355
5662,192003508
5663,192016199
5664,191049849
5665,192016207
5666,192006151
5667,191025546
5668,192012872
5669,191039359
5670,191042988
5671,191042342
5672,191050935
5673,191019257
5674,191013206
5675,191046898
5676,191036883
5677,191027566
5678,191038428
5679,191034773
5680,192002621
5681,191012875
5682,192017747
5683,191018912
5684,191037573
5685,191000694
5686,192002535
5687,191020057
5688,191034379
5689,191003767
5690,192003937
5691,191040616
5692,191014568
5693,191005321
5694,192013986
5695,192003627
5696,191032965
5697,192003661
5698,191043022
5699,191051717
5700,192014084
5701,191021465
5702,191050987
5703,191015211
5704,191011126
5705,191004047
5706,191026550
5707,191009564
5708,192002952
5709,191035376
5710,192015808
5711,191032934
5712,191030414
5713,192015478
5714,191051542
5715,191043100
5716,191030184
5717,191044821
5718,191019725
5719,191005841
5720,192017731
5721,191048889
5722,192000503
5723,191021823
5724,191051443
5725,192016782
5726,191002104
5727,192000108
5728,191049767
5729,191020620
5730,191031447
5731,192017487
5732,191032516
5733,192017165
5734,192011859
5735,191048212
5736,191001447
5737,191048780
5738,191047119
5739,191048864
5740,191020757
5741,191000507
5742,191014387
5743,191026924
5744,191045807
5745,191016170
5746,191003650
5747,191010754
5748,191004387
5749,191000565
5750,191049715
5751,191012540
5752,191016359
5753,191005133
5754,191046783
5755,191012749
5756,191017361
5757,191050101
5758,191052613
5759,192012526
5760,191002786
5761,191009053
5762,191013679
5763,191024186
5764,191012236
5765,191010848
5766,191029980
5767,191028916
5768,191051618
5769,191027530
5770,191046040
5771,191044392
5772,192000583
5773,191040688
5774,191025171
5775,191023814
5776,191017408
5777,191019520
5778,192005248
5779,191046309
5780,191030631
5781,191029118
5782,191048162
5783,191021373
5784,191004864
5785,191016384
5786,191038621
5787,191003362
5788,191001975
5789,191001635
5790,191027069
5791,192015851
5792,191021612
5793,191025312
5794,191048874
5795,191005358
5796,191041805
5797,191014103
5798,191025858
5799,191025738
5800,191019134
5801,191013944
5802,191005386
5803,191049619
5804,191003178
5805,191035665
5806,191020228
5807,192002760
5808,192010662
5809,191028764
5810,191050694
5811,191042264
5812,191049814
5813,192012896
5814,191051246
5815,192011367
5816,191051532
5817,191030935
5818,191007703
5819,191036328
5820,191007617
5821,191003086
5822,191009405
5823,191024209
5824,191009576
5825,191031156
5826,191006914
5827,192017892
5828,191026707
5829,191042789
5830,191024644
5831,191003113
5832,191048531
5833,191009864
5834,191018391
5835,191047437
5836,191010621
5837,191008265
5838,191019248
5839,192000471
5840,191046049
5841,191044331
5842,191047388
5843,191018512
5844,191032435
5845,191001165
5846,191000366
5847,191015048
5848,192003922
5849,191037666
5850,191042935
5851,191049321
5852,191018890
5853,191029880
5854,191033758
5855,191047196
5856,191041681
5857,192017334
5858,191003620
5859,191027849
5860,191011751
5861,191035824
5862,191000955
5863,191042411
5864,191020663
5865,191038740
5866,191002962
5867,191008205
5868,192007029
5869,191018250
5870,192005306
5871,191037957
5872,191005041
5873,191008165
5874,191000827
5875,191006233
5876,191039711
5877,191014526
5878,191010306
5879,191047214
5880,191039618
5881,191019946
5882,191013357
5883,191028706
5884,191027791
5885,192010945
5886,191011081
5887,191047256
5888,191014148
5889,191046166
5890,191022445
5891,191001727
5892,191011069
5893,191032098
5894,191044617
5895,191052013
5896,191009266
5897,191003372
5898,191025012
5899,191004543
5900,191026913
5901,191008945
5902,191050522
5903,191009450
5904,191039116
5905,191037833
5906,191049925
5907,191040578
5908,191030200
5909,191045726
5910,191048096
5911,191015562
5912,191046352
5913,191016664
5914,191044786
5915,191022964
5916,191015101
5917,191029902
5918,191017489
5919,191023147
5920,191007737
5921,191026188
5922,191004491
5923,192014058
5924,191036927
5925,192016722
5926,191052602
5927,191013448
5928,191017828
5929,192013533
5930,191049506
5931,191034471
5932,191052166
5933,191027792
5934,192005759
5935,191050915
5936,191028747
5937,191037254
5938,191011216
5939,191018905
5940,191023731
5941,191038768
5942,192004133
5943,191007970
5944,192006352
5945,192016675
5946,192017231
5947,192016516
5948,191004684
5949,191004763
5950,191000076
5951,191008152
5952,191013470
5953,192000751
5954,192015968
5955,191001116
5956,191021909
5957,191037326
5958,191038977
5959,191030489
5960,192014335
5961,191048569
5962,192009488
5963,192017829
5964,191006858
5965,191009507
5966,191023083
5967,191043387
5968,192010150
5969,191037000
5970,192015842
5971,191017095
5972,192006661
5973,191007604
5974,191001440
5975,191016683
5976,191047508
5977,191031675
5978,192012099
5979,191013732
5980,191036847
5981,192018190
5982,192017141
5983,191048799
5984,192006953
5985,192015461
5986,192005698
5987,192013990
5988,192013712
5989,192012081
5990,191010513
5991,192013029
5992,191021250
5993,191039104
5994,191006335
5995,191050772
5996,192013143
5997,192012751
5998,192002080
5999,192015743
6000,192000367
6001,191031179
6002,192010659
6003,191041408
6004,192011465
6005,191034432
6006,192005619
6007,191035270
6008,191000373
6009,191027932
6010,191027052
6011,191008936
6012,191017517
6013,191044936
6014,191042194
6015,192005406
6016,191050391
6017,191041842
6018,191007926
6019,191022951
6020,191052479
6021,191025355
6022,191020073
6023,192012237
6024,191045421
6025,191031170
6026,191049444
6027,191049924
6028,191016176
6029,191047560
6030,191021148
6031,191004139
6032,191036732
6033,191034591
6034,191036592
6035,191011695
6036,191013327
6037,191027076
6038,191024961
6039,191038610
6040,192002222
6041,191022578
6042,191047241
6043,191003813
6044,191000511
6045,191016852
6046,191043258
6047,191040531
6048,191041491
6049,191009177
6050,191021441
6051,191039509
6052,192007749
6053,192006922
6054,191019514
6055,192008249
6056,191006970
6057,191012702
6058,191006426
6059,191022577
6060,191018889
6061,191002592
6062,192017327
6063,191023043
6064,191035199
6065,191049039
6066,191018566
6067,192006274
6068,191025816
6069,191040215
6070,191048814
6071,191040288
6072,191050610
6073,191005980
6074,191013923
6075,191037166
6076,192001150
6077,192007032
6078,192013152
6079,192015476
6080,191005626
6081,191007069
6082,192007074
6083,191026721
6084,191025848
6085,192014039
6086,192015308
6087,192009805
6088,191024077
6089,191051651
6090,191009366
6091,191023529
6092,192002543
6093,191042569
6094,192015848
6095,191050667
6096,191006318
6097,192011418
6098,191012865
6099,191005872
6100,191015418
6101,191005185
6102,191032321
6103,191000543
6104,192017118
6105,191007673
6106,191037111
6107,191026186
6108,191015816
6109,191015836
6110,191038272
6111,191047607
6112,191009639
6113,191024546
6114,191036411
6115,191013888
6116,191026912
6117,191038291
6118,191048593
6119,192005572
6120,191030752
6121,191018211
6122,191023904
6123,191041542
6124,191029021
6125,191024233
6126,191044157
6127,191052418
6128,191039766
6129,191048229
6130,191019077
6131,191018938
6132,191007841
6133,191042496
6134,191048956
6135,191042535
6136,192000289
6137,191008400
6138,191003274
6139,192001845
6140,192010990
6141,192003863
6142,192009000
6143,192012907
6144,191035932
6145,191028857
6146,192010033
6147,192012628
6148,191013289
6149,191004147
6150,192002854
6151,191042598
6152,191010761
6153,192010797
6154,191005732
6155,192004970
6156,191033325
6157,191034359
6158,192002330
6159,192017991
6160,191010751
6161,192011760
6162,191045904
6163,191030105
6164,191001708
6165,191005310
6166,191023315
6167,191013711
6168,192008440
6169,191017364
6170,191052562
6171,192010340
6172,191032595
6173,191042060
6174,192013039
6175,191004066
6176,192008355
6177,192004263
6178,192014148
6179,192011188
6180,191018660
6181,192001653
6182,192008226
6183,191022520
6184,191020788
6185,191038548
6186,191014386
6187,191014981
6188,191019102
6189,192003477
6190,191050976
6191,191052297
6192,192000247
6193,191047354
6194,192005262
6195,191001397
6196,192015276
6197,191016851
6198,191013920
6199,191049211
6200,191003436
6201,191004669
6202,192018040
6203,192014994
6204,191002896
6205,191002457
6206,192016434
6207,191050444
6208,192009062
6209,191037513
6210,192006432
6211,192013910
6212,191013565
6213,191019016
6214,191048408
6215,191013736
6216,192010655
6217,192004910
6218,192003666
6219,191050123
6220,191012884
6221,191013970
6222,191005174
6223,191019435
6224,191017418
6225,192005492
6226,192017241
6227,192016278
6228,191002931
6229,192010875
6230,191018423
6231,191018761
6232,191008907
6233,191027328
6234,191033653
6235,191020970
6236,191028548
6237,191002414
6238,191039846
6239,192016546
6240,191012128
6241,192014482
6242,192006858
6243,191019648
6244,191008694
6245,192006559
6246,191050978
6247,192009227
6248,191037982
6249,191052596
6250,191041749
6251,191032035
6252,191012685
6253,191022143
6254,191045109
6255,191003264
6256,191012235
6257,191018227
6258,191000466
6259,191029993
6260,191050260
6261,191011593
6262,192016873
6263,191039122
6264,191020578
6265,191040142
6266,192009528
6267,192008060
6268,191035302
6269,191040776
6270,191014028
6271,191006938
6272,191011333
6273,191034550
6274,192015568
6275,192007095
6276,191019708
6277,191044697
6278,192016685
6279,192002142
6280,191000611
6281,192017196
6282,192004632
6283,191004830
6284,191005876
6285,191032122
6286,192016172
6287,191023840
6288,191037955
6289,191005786
6290,191012517
6291,191000909
6292,192002049
6293,191010956
6294,191018571
6295,192015652
6296,191027609
6297,191006149
6298,191024526
6299,191044335
6300,191037091
6301,191025321
6302,192007004
6303,191033556
6304,192002359
6305,191035074
6306,191023275
6307,192003809
6308,191013437
6309,191038201
6310,191042312
6311,191026431
6312,191038667
