,tlvorig,origin,topcl,toadtyp,tarorig,household_id,person_id,day,tour_type,destination,tdpcl,tdadtyp,tripsh1,tripsh2,tlvdest,tardest,tour_id,subtrs,parent_tour_id,tour_mode,tdtaz,tour_category,start,end,mandatory_status,tour_type_num,tour_type_id,loc_tour_id,PNUM,joint_tour,participant_num,outbound_stops,inbound_stops,stop_frequency
62,583,21893,42441.0,Home,1240,17101619,1710161901,3,work,13556.0,815530.0,Work,1,5,1041,621,63,1,0,DRIVEALONEFREE,,mandatory,9.0,9.0,mandatory,1,39,work1,1,63.0,1,0,4,0out_4in
73,349,19389,57209.0,Home,1343,17102227,1710222701,3,work,13681.0,1106863.0,Work,1,8,349,1343,74,0,0,WALK_LR,,mandatory,5.0,5.0,mandatory,1,39,work1,1,74.0,1,0,7,0out_7in
96,488,12055,690533.0,Home,1078,17102819,1710281902,3,work,7004.0,1184230.0,other,2,5,500,1078,97,0,0,SHARED2FREE,,mandatory,8.0,8.0,mandatory,1,39,work1,2,97.0,2,1,4,1out_4in
254,440,25858,764186.0,Home,991,17109547,1710954703,3,work,22170.0,964353.0,other,3,6,609,991,255,0,0,WALK_LR,,mandatory,7.0,7.0,mandatory,1,39,work1,3,255.0,3,2,5,2out_5in
255,400,9362,1150495.0,Home,1037,17109601,1710960101,3,work,9533.0,785644.0,other,1,5,400,1037,256,0,0,WALK_LR,,mandatory,6.0,6.0,mandatory,1,39,work1,1,256.0,1,0,4,0out_4in
264,752,12055,690533.0,Home,1261,17109657,1710965702,3,work,10154.0,1040193.0,other,1,13,752,1261,265,0,0,SHARED2FREE,,mandatory,12.0,12.0,mandatory,1,39,work1,2,265.0,2,0,12,0out_12in
294,882,3391,1174232.0,Home,1414,17111033,1711103301,3,work,28764.0,997993.0,Work,1,5,882,1414,295,0,0,SHARED2FREE,,mandatory,14.0,14.0,mandatory,1,39,work1,1,295.0,1,0,4,0out_4in
299,444,15682,645833.0,Home,1161,17111489,1711148901,3,work,10061.0,739926.0,other,1,6,444,1161,300,0,0,DRIVEALONEFREE,,mandatory,7.0,7.0,mandatory,1,39,work1,1,300.0,1,0,5,0out_5in
318,405,35852,403335.0,Home,1106,17112091,1711209101,3,work,36658.0,554048.0,other,1,6,405,1106,319,0,0,DRIVEALONEFREE,,mandatory,6.0,6.0,mandatory,1,39,work1,1,319.0,1,0,5,0out_5in
332,559,7720,1136543.0,Home,1104,17112650,1711265002,3,work,20797.0,671556.0,other,5,1,818,1104,335,0,0,DRIVEALONEFREE,,mandatory,9.0,9.0,mandatory,1,39,work1,2,333.0,2,4,0,4out_0in
347,426,21893,96346.0,Home,1065,17113544,1711354401,3,work,34649.0,1051988.0,other,5,1,740,1065,350,0,0,WALK_LOC,,mandatory,7.0,7.0,mandatory,1,39,work1,1,348.0,1,4,0,4out_0in
353,488,26136,984544.0,Home,1052,17113968,1711396801,3,work,14668.0,862624.0,Work,2,5,503,1052,356,0,0,SHARED2FREE,,mandatory,8.0,8.0,mandatory,1,39,work1,1,354.0,1,1,4,1out_4in
426,530,20543,1185399.0,Home,1088,17115594,1711559403,3,school,4385.0,28363.0,School,1,5,530,1088,429,0,0,SHARED3FREE,,mandatory,8.0,8.0,mandatory,1,31,school1,3,427.0,3,0,4,0out_4in
427,560,7689,897646.0,Home,952,17115686,1711568601,3,school,21435.0,943612.0,other,7,3,777,952,430,0,0,DRIVEALONEFREE,,mandatory,9.0,9.0,mandatory,1,31,school1,1,428.0,1,6,2,6out_2in
488,966,58888,80364.0,Home,1268,17118670,1711867002,3,eatout,25319.0,728867.0,other,1,5,966,1268,491,0,0,SHARED3FREE,,non_mandatory,16.0,16.0,non_mandatory,1,6,eatout1,2,489.0,2,0,4,0out_4in
505,399,33286,778636.0,Home,1069,17119235,1711923502,3,work,51263.0,221907.0,other,1,7,399,1069,508,0,0,DRIVEALONEFREE,,mandatory,6.0,6.0,mandatory,1,39,work1,2,506.0,2,0,6,0out_6in
506,444,13571,654149.0,Home,1070,17119306,1711930601,3,social,23460.0,1210822.0,other,4,6,604,1070,509,0,0,BIKE,,non_mandatory,7.0,7.0,non_mandatory,1,36,social1,1,507.0,1,3,5,3out_5in
578,489,28021,1082459.0,Home,1189,17122862,1712286201,3,othmaint,4162.0,664017.0,other,1,5,489,1189,581,0,0,WALK_LOC,,non_mandatory,8.0,8.0,non_mandatory,1,28,othmaint1,1,579.0,1,0,4,0out_4in
616,506,49097,452562.0,Work,903,17124316,1712431602,3,work,55236.0,895569.0,other,2,5,562,613,619,0,618,DRIVEALONEFREE,,mandatory,8.0,8.0,mandatory,2,40,work2,2,617.0,2,1,4,1out_4in
617,245,14745,1029372.0,Home,590,17124342,1712434201,3,work,24280.0,723813.0,other,5,8,350,590,620,0,0,SHARED3FREE,,mandatory,5.0,5.0,mandatory,1,39,work1,1,618.0,1,4,7,4out_7in
621,381,27345,615570.0,Home,1099,17124411,1712441101,3,work,16879.0,850750.0,other,1,25,381,1099,624,0,0,SHARED3FREE,,mandatory,6.0,6.0,mandatory,1,39,work1,1,622.0,1,0,24,0out_24in
697,407,49467,398742.0,Home,736,17127625,1712762501,3,work,53660.0,503104.0,other,6,5,611,736,700,0,0,SHARED2FREE,,mandatory,6.0,6.0,mandatory,1,39,work1,1,698.0,1,5,4,5out_4in
698,483,49467,398742.0,Home,735,17127625,1712762502,3,work,53520.0,180378.0,other,1,5,483,735,702,0,0,SHARED2FREE,,mandatory,8.0,8.0,mandatory,1,39,work1,2,699.0,2,0,4,0out_4in
711,480,34872,1140615.0,Home,1165,17128170,1712817001,3,work,1860.0,965306.0,other,2,6,485,1165,714,0,0,SHARED2FREE,,mandatory,8.0,8.0,mandatory,1,39,work1,1,712.0,1,1,5,1out_5in
764,362,25480,1025520.0,Home,1238,17129575,1712957503,3,work,7420.0,844796.0,other,6,19,557,1238,767,0,0,DRIVEALONEFREE,,mandatory,6.0,6.0,mandatory,1,39,work1,3,765.0,3,5,18,5out_18in
777,506,28239,1203985.0,Home,1179,17129846,1712984601,3,work,7118.0,915423.0,Work,1,5,506,1179,780,0,0,SHARED2FREE,,mandatory,8.0,8.0,mandatory,1,39,work1,1,778.0,1,0,4,0out_4in
860,628,7971,146104.0,Home,954,17132467,1713246701,3,social,24244.0,1106550.0,other,1,6,628,954,864,0,0,DRIVEALONEFREE,,non_mandatory,10.0,10.0,non_mandatory,1,36,social1,1,861.0,1,0,5,0out_5in
869,541,21811,153464.0,Home,994,17132728,1713272801,3,social,28340.0,980595.0,other,1,9,541,994,873,0,0,WALK_LOC,,non_mandatory,9.0,9.0,non_mandatory,1,36,social1,1,870.0,1,0,8,0out_8in
872,654,27224,891998.0,Home,1292,17132731,1713273102,3,work,1849.0,611115.0,other,5,1,780,1292,876,0,0,WALK_LOC,,mandatory,10.0,10.0,mandatory,1,39,work1,2,873.0,2,4,0,4out_0in
873,435,27159,870095.0,Home,1125,17132838,1713283801,3,work,11084.0,754779.0,Work,5,4,988,491,877,1,0,SHARED3FREE,,mandatory,7.0,7.0,mandatory,1,39,work1,1,874.0,1,4,3,4out_3in
890,640,34952,1091142.0,Home,1097,17132924,1713292401,3,social,35507.0,133830.0,other,6,1,905,1097,894,0,0,SHARED2FREE,,non_mandatory,10.0,10.0,non_mandatory,1,36,social1,1,891.0,1,5,0,5out_0in
897,573,32534,866732.0,Home,1094,17133022,1713302201,3,work,7995.0,1069283.0,other,5,1,915,1094,901,0,0,WALK_LOC,,mandatory,9.0,9.0,mandatory,1,39,work1,1,898.0,1,4,0,4out_0in
930,578,11085,894006.0,Home,1223,17134840,1713484001,3,social,33058.0,762917.0,other,10,1,871,1223,934,0,0,SHARED2FREE,,non_mandatory,9.0,9.0,non_mandatory,1,36,social1,1,931.0,1,9,0,9out_0in
1074,426,40837,412653.0,Home,1047,17139906,1713990601,3,work,45653.0,346537.0,Work,2,6,434,1047,1078,0,0,DRIVEALONEFREE,,mandatory,7.0,7.0,mandatory,1,39,work1,1,1075.0,1,1,5,1out_5in
1120,532,30750,749474.0,Home,1162,17142512,1714251202,3,work,32543.0,145297.0,Work,1,6,532,1162,1125,0,0,SHARED2FREE,,mandatory,8.0,8.0,mandatory,1,39,work1,2,1121.0,2,0,5,0out_5in
1142,668,33324,1153244.0,Home,1054,17143386,1714338601,3,work,34467.0,698680.0,other,1,5,668,1054,1146,0,0,WALK_LR,,mandatory,11.0,11.0,mandatory,1,39,work1,1,1143.0,1,0,4,0out_4in
1188,451,460,699617.0,Home,1317,17145730,1714573001,3,work,9130.0,1046204.0,Work,1,6,451,1317,1192,0,0,SHARED3FREE,,mandatory,7.0,7.0,mandatory,1,39,work1,1,1189.0,1,0,5,0out_5in
1195,473,24566,921491.0,Home,1116,17145806,1714580601,3,work,3367.0,1111163.0,Work,1,6,473,1116,1199,0,0,WALK_LOC,,mandatory,7.0,7.0,mandatory,1,39,work1,1,1196.0,1,0,5,0out_5in
1206,610,42335,326185.0,Home,1345,17146110,1714611002,3,work,52496.0,452065.0,Work,6,2,719,1345,1211,0,0,DRIVEALONEFREE,,mandatory,10.0,10.0,mandatory,1,39,work1,2,1207.0,2,5,1,5out_1in
1229,504,14656,599756.0,Home,1422,17146850,1714685001,3,social,28788.0,40171.0,other,2,5,754,1422,1233,0,0,DRIVEALONEFREE,,non_mandatory,8.0,8.0,non_mandatory,1,36,social1,1,1230.0,1,1,4,1out_4in
1241,511,10824,584108.0,Home,1194,17147112,1714711201,3,work,21190.0,935063.0,other,1,5,511,1194,1245,0,0,WALK_LOC,,mandatory,8.0,8.0,mandatory,1,39,work1,1,1242.0,1,0,4,0out_4in
1248,700,32951,789560.0,Home,1098,17147265,1714726501,3,othmaint,23911.0,156022.0,other,6,1,944,1098,1252,0,0,DRIVEALONEFREE,,non_mandatory,11.0,11.0,non_mandatory,1,28,othmaint1,1,1249.0,1,5,0,5out_0in
1259,908,21306,1167825.0,Home,1290,17148237,1714823701,3,othmaint,26654.0,946707.0,other,5,2,1146,1290,1263,0,0,WALK_LOC,,non_mandatory,15.0,15.0,non_mandatory,1,28,othmaint1,1,1260.0,1,4,1,4out_1in
1262,419,39279,554605.0,Home,1284,17148682,1714868201,3,social,37923.0,305589.0,other,11,2,1022,1284,1266,0,0,SHARED3FREE,,non_mandatory,6.0,6.0,non_mandatory,1,36,social1,1,1263.0,1,10,1,10out_1in
1263,419,39279,233826.0,Home,1283,17148682,1714868202,3,social,35871.0,476045.0,other,4,6,651,1283,1267,0,0,SHARED3FREE,,non_mandatory,6.0,6.0,non_mandatory,1,36,social1,2,1264.0,2,3,5,3out_5in
1289,536,33321,145789.0,Home,1388,17149451,1714945101,3,eatout,4358.0,1106688.0,other,6,1,1138,1388,1293,0,0,WALK_LOC,,non_mandatory,8.0,8.0,non_mandatory,1,6,eatout1,1,1290.0,1,5,0,5out_0in
1300,513,3894,29488.0,Home,1004,17149650,1714965002,3,work,10547.0,39024.0,other,9,1,741,1004,1304,0,0,SHARED2FREE,,mandatory,8.0,8.0,mandatory,1,39,work1,2,1301.0,2,8,0,8out_0in
1355,667,14449,1191455.0,Home,957,17152111,1715211102,3,eatout,15947.0,83604.0,other,1,5,667,957,1359,0,0,WALK,,non_mandatory,11.0,11.0,non_mandatory,1,6,eatout1,2,1356.0,2,0,4,0out_4in
1382,470,33301,809723.0,Home,1107,17153211,1715321101,3,work,15956.0,607591.0,other,10,5,777,1107,1386,0,0,SHARED3FREE,,mandatory,7.0,7.0,mandatory,1,39,work1,1,1383.0,1,9,4,9out_4in
1383,633,33301,809723.0,Home,1161,17153211,1715321102,3,social,27159.0,831881.0,other,5,1,957,1161,1387,0,0,SHARED3FREE,,non_mandatory,10.0,10.0,non_mandatory,1,36,social1,2,1384.0,2,4,0,4out_0in
1386,687,52108,505146.0,Home,75,17153336,1715333602,3,work,48373.0,540223.0,other,9,8,1090,75,1390,0,0,WALK_LOC,,mandatory,11.0,11.0,mandatory,1,39,work1,2,1387.0,2,8,7,8out_7in
1394,941,24284,996165.0,Home,1047,17153443,1715344301,3,eatout,4141.0,1118376.0,other,5,2,993,1047,1399,0,0,DRIVEALONEFREE,,non_mandatory,15.0,15.0,non_mandatory,1,6,eatout1,1,1395.0,1,4,1,4out_1in
1521,668,45814,215254.0,Home,73,191003048,19100304801,3,social,10540.0,730851.0,other,6,2,1109,73,1526,0,0,WALK_FRY,,non_mandatory,11.0,11.0,non_mandatory,1,36,social1,1,1522.0,1,5,1,5out_1in
1583,475,20471,1034002.0,Home,1403,191004329,19100432901,3,work,25320.0,69951.0,Work,1,6,475,1403,1588,0,0,DRIVEALONEFREE,,mandatory,7.0,7.0,mandatory,1,39,work1,1,1584.0,1,0,5,0out_5in
1594,378,24333,896566.0,Home,1042,191004434,19100443401,3,work,25303.0,1190424.0,other,1,7,378,1042,1599,0,0,SHARED3FREE,,mandatory,6.0,6.0,mandatory,1,39,work1,1,1595.0,1,0,6,0out_6in
1612,440,33323,983384.0,Home,1145,191005103,19100510301,3,work,146.0,148670.0,Work,1,5,440,1145,1617,0,0,SHARED2FREE,,mandatory,7.0,7.0,mandatory,1,39,work1,1,1613.0,1,0,4,0out_4in
1658,573,13684,1111616.0,Home,1097,191006337,19100633701,3,social,12656.0,487439.0,other,1,6,573,1097,1662,0,0,WALK_LR,,non_mandatory,9.0,9.0,non_mandatory,1,36,social1,1,1659.0,1,0,5,0out_5in
1673,499,16213,1163207.0,Home,998,191006673,19100667302,3,school,21641.0,487440.0,other,1,6,499,998,1678,0,0,SHARED2FREE,,mandatory,8.0,8.0,mandatory,1,31,school1,2,1674.0,2,0,5,0out_5in
1679,611,29659,971345.0,Home,1347,191006802,19100680201,3,social,20625.0,1029822.0,other,9,1,1137,1347,1684,0,0,WALK,,non_mandatory,10.0,10.0,non_mandatory,1,36,social1,1,1680.0,1,8,0,8out_0in
1710,500,25053,766072.0,Home,953,191007249,19100724902,3,social,23366.0,712138.0,other,6,1,773,953,1716,0,0,DRIVEALONEFREE,,non_mandatory,8.0,8.0,non_mandatory,1,36,social1,2,1711.0,2,5,0,5out_0in
1727,510,36911,337717.0,Home,1144,191007500,19100750005,3,social,36911.0,278782.0,other,2,5,751,1144,1733,0,0,SHARED3FREE,,non_mandatory,8.0,8.0,non_mandatory,1,36,social1,5,1728.0,5,1,4,1out_4in
1738,560,24029,968212.0,Home,1133,191007778,19100777801,3,work,9235.0,768812.0,other,6,1,813,1133,1744,0,0,DRIVEALONEFREE,,mandatory,9.0,9.0,mandatory,1,39,work1,1,1739.0,1,5,0,5out_0in
1740,462,1216,1117988.0,Home,1147,191007908,19100790801,3,work,28239.0,804487.0,other,6,2,797,1147,1746,0,0,DRIVEALONEFREE,,mandatory,7.0,7.0,mandatory,1,39,work1,1,1741.0,1,5,1,5out_1in
1791,742,46939,196801.0,Home,1077,191008857,19100885701,3,othmaint,37322.0,528942.0,other,3,5,759,1077,1798,0,0,SHARED2FREE,,non_mandatory,12.0,12.0,non_mandatory,1,28,othmaint1,1,1792.0,1,2,4,2out_4in
1824,361,55533,1054428.0,Home,1019,191009613,19100961301,3,work,21307.0,661614.0,other,5,2,787,1019,1830,0,0,WALK_LOC,,mandatory,6.0,6.0,mandatory,1,39,work1,1,1825.0,1,4,1,4out_1in
1830,600,57067,926744.0,Home,756,191009787,19100978702,3,shopping,61700.0,609579.0,other,5,2,685,756,1836,0,0,DRIVEALONEFREE,,non_mandatory,10.0,10.0,non_mandatory,1,33,shopping1,2,1831.0,2,4,1,4out_1in
1847,453,29391,1192390.0,Home,1214,191010036,19101003601,3,work,14189.0,964353.0,other,3,5,577,1214,1853,0,0,WALK_LR,,mandatory,7.0,7.0,mandatory,1,39,work1,1,1848.0,1,2,4,2out_4in
1861,525,30750,666415.0,Home,1202,191010429,19101042902,3,work,14942.0,62967.0,other,6,4,796,1202,1867,0,0,BIKE,,mandatory,8.0,8.0,mandatory,1,39,work1,2,1862.0,2,5,3,5out_3in
1872,354,3248,1118666.0,Home,765,191011182,19101118202,3,work,28344.0,1863.0,other,6,1,616,765,1878,0,0,WALK_FRY,,mandatory,5.0,5.0,mandatory,1,39,work1,2,1873.0,2,5,0,5out_0in
1890,615,31548,1001298.0,Home,1119,191011688,19101168802,3,work,15099.0,908203.0,other,5,1,866,1119,1897,0,0,DRIVEALONEFREE,,mandatory,10.0,10.0,mandatory,1,39,work1,2,1891.0,2,4,0,4out_0in
1903,727,41395,349024.0,Home,1430,191012019,19101201903,3,shopping,9766.0,1081876.0,other,7,1,1117,1430,1909,0,0,DRIVEALONEFREE,,non_mandatory,12.0,12.0,non_mandatory,1,33,shopping1,3,1904.0,3,6,0,6out_0in
1919,1033,46658,358857.0,Home,1238,191012230,19101223001,3,othmaint,43606.0,304070.0,other,2,5,1040,1238,1926,0,0,DRIVEALONEFREE,,non_mandatory,17.0,17.0,non_mandatory,2,29,othmaint2,1,1920.0,1,1,4,1out_4in
1922,411,17049,1271458.0,Home,943,191012259,19101225902,3,work,343.0,23849.0,other,8,1,742,943,1928,0,0,SHARED3FREE,,mandatory,6.0,6.0,mandatory,1,39,work1,2,1923.0,2,7,0,7out_0in
1955,673,51206,506668.0,Home,1133,191013331,19101333101,3,eatout,52676.0,228256.0,other,6,2,981,1133,1963,0,0,SHARED3FREE,,non_mandatory,11.0,11.0,non_mandatory,1,6,eatout1,1,1956.0,1,5,1,5out_1in
1958,320,51206,506668.0,Home,977,191013331,19101333102,3,work,37054.0,214267.0,other,2,8,402,977,1964,0,0,DRIVEALONEFREE,,mandatory,5.0,5.0,mandatory,1,39,work1,2,1959.0,2,1,7,1out_7in
1959,338,37465,404216.0,Home,1217,191013345,19101334501,3,work,11060.0,697183.0,other,3,5,462,1217,1965,0,0,WALK_FRY,,mandatory,5.0,5.0,mandatory,1,39,work1,1,1960.0,1,2,4,2out_4in
2008,453,54864,300233.0,Home,712,191014477,19101447702,3,social,54864.0,300233.0,other,3,5,463,712,2014,0,0,SHARED3FREE,,non_mandatory,7.0,7.0,non_mandatory,1,36,social1,2,2009.0,2,2,4,2out_4in
2041,513,21307,701.0,Home,1323,191015446,19101544602,3,work,21190.0,935063.0,other,1,5,513,1323,2047,0,0,WALK_LOC,,mandatory,8.0,8.0,mandatory,1,39,work1,2,2042.0,2,0,4,0out_4in
2081,656,17042,788215.0,Home,1167,191016494,19101649402,3,work,30128.0,1182429.0,other,8,1,859,1167,2087,0,0,DRIVEALONEFREE,,mandatory,10.0,10.0,mandatory,1,39,work1,2,2082.0,2,7,0,7out_0in
2113,508,4354,1222059.0,Home,1042,191017055,19101705501,3,social,27219.0,944773.0,other,3,5,633,1042,2119,0,0,DRIVEALONEFREE,,non_mandatory,8.0,8.0,non_mandatory,1,36,social1,1,2114.0,1,2,4,2out_4in
2117,490,4369,701185.0,Home,1008,191017090,19101709002,3,work,13669.0,1152712.0,other,1,5,490,1008,2124,0,0,SHARED2FREE,,mandatory,8.0,8.0,mandatory,1,39,work1,2,2118.0,2,0,4,0out_4in
2128,415,34099,1213313.0,Home,968,191017573,19101757301,3,work,59970.0,129389.0,other,5,1,654,968,2135,0,0,DRIVEALONEFREE,,mandatory,6.0,6.0,mandatory,1,39,work1,1,2129.0,1,4,0,4out_0in
2136,283,5917,771627.0,Home,1015,191017603,19101760301,3,work,19132.0,1153408.0,other,3,5,519,1015,2143,0,0,DRIVEALONEFREE,,mandatory,5.0,5.0,mandatory,1,39,work1,1,2137.0,1,2,4,2out_4in
2172,625,30114,1267329.0,Home,876,191018186,19101818602,3,othmaint,33333.0,1000709.0,other,1,7,625,876,2178,0,0,DRIVEALONEFREE,,non_mandatory,10.0,10.0,non_mandatory,1,28,othmaint1,2,2173.0,2,0,6,0out_6in
2225,389,5859,1182475.0,Home,727,191019490,19101949001,3,work,22352.0,713852.0,Work,2,6,431,727,2232,0,0,WALK_LOC,,mandatory,6.0,6.0,mandatory,1,39,work1,1,2226.0,1,1,5,1out_5in
2226,472,37924,482811.0,Home,1105,191019514,19101951401,3,work,38463.0,521748.0,Work,1,5,472,1105,2233,0,0,DRIVEALONEFREE,,mandatory,7.0,7.0,mandatory,1,39,work1,1,2227.0,1,0,4,0out_4in
2256,563,27223,740952.0,Home,1025,191020089,19102008902,3,escort,21668.0,893874.0,other,2,5,566,1025,2263,0,0,WALK_LR,,non_mandatory,9.0,9.0,non_mandatory,1,9,escort1,2,2257.0,2,1,4,1out_4in
2266,428,7635,150052.0,Home,1020,191020412,19102041201,3,work,12577.0,610553.0,Work,1,12,428,1020,2273,0,0,WALK_LR,,mandatory,7.0,7.0,mandatory,1,39,work1,1,2267.0,1,0,11,0out_11in
2275,621,13353,1247464.0,Home,1031,191020612,19102061202,3,work,26886.0,128234.0,other,6,1,860,1031,2283,0,0,DRIVEALONEFREE,,mandatory,10.0,10.0,mandatory,2,40,work2,2,2276.0,2,5,0,5out_0in
2288,506,11596,19429.0,Home,1000,191020747,19102074702,3,social,3632.0,1117132.0,other,5,1,672,1000,2294,0,0,WALK_LOC,,non_mandatory,8.0,8.0,non_mandatory,1,36,social1,2,2289.0,2,4,0,4out_0in
2382,755,16227,84320.0,Home,1271,191022809,19102280902,3,school,27207.0,862506.0,other,1,5,755,1271,2391,0,0,WALK_LOC,,mandatory,12.0,12.0,mandatory,1,31,school1,2,2383.0,2,0,4,0out_4in
2400,240,24799,148740.0,Home,1116,191023322,19102332201,3,social,24799.0,102011.0,other,5,4,541,1116,2408,0,0,WALK_LOC,,non_mandatory,5.0,5.0,non_mandatory,1,36,social1,1,2401.0,1,4,3,4out_3in
2413,456,18117,1060829.0,Home,1051,191024245,19102424501,3,work,1997.0,777382.0,Work,1,5,456,1051,2421,0,0,BIKE,,mandatory,7.0,7.0,mandatory,1,39,work1,1,2414.0,1,0,4,0out_4in
2429,694,7164,1211052.0,Home,887,191024526,19102452601,3,othmaint,12926.0,777127.0,other,5,2,754,887,2437,0,0,DRIVEALONEFREE,,non_mandatory,11.0,11.0,non_mandatory,1,28,othmaint1,1,2430.0,1,4,1,4out_1in
2438,538,2896,1020383.0,Home,1172,191024571,19102457101,3,work,30664.0,1118477.0,Work,1,5,538,1172,2446,0,0,BIKE,,mandatory,8.0,8.0,mandatory,1,39,work1,1,2439.0,1,0,4,0out_4in
2467,540,18817,908075.0,Home,1240,191025047,19102504701,3,work,43754.0,425828.0,other,7,1,1000,1240,2477,0,0,DRIVEALONEFREE,,mandatory,9.0,9.0,mandatory,1,39,work1,1,2468.0,1,6,0,6out_0in
2516,635,18817,943486.0,Home,1035,191026618,19102661802,3,work,25837.0,773652.0,other,1,5,635,1035,2524,0,0,DRIVEALONEFREE,,mandatory,10.0,10.0,mandatory,1,39,work1,2,2517.0,2,0,4,0out_4in
2542,451,25925,893874.0,Home,1046,191027501,19102750101,3,work,4159.0,1096205.0,Work,1,5,451,1046,2550,0,0,WALK,,mandatory,7.0,7.0,mandatory,1,39,work1,1,2543.0,1,0,4,0out_4in
2604,417,1480,1180317.0,Home,1137,191028956,19102895601,3,work,48740.0,568733.0,other,8,3,805,1137,2612,0,0,SHARED2FREE,,mandatory,6.0,6.0,mandatory,1,39,work1,1,2605.0,1,7,2,7out_2in
2605,582,20614,1177710.0,Home,937,191029037,19102903701,3,school,27209.0,857703.0,other,6,1,783,937,2613,0,0,WALK_LOC,,mandatory,9.0,9.0,mandatory,1,31,school1,1,2606.0,1,5,0,5out_0in
2693,717,10824,584108.0,Home,1065,191030597,19103059701,3,social,26386.0,1021768.0,other,2,5,772,1065,2702,0,0,WALK_LOC,,non_mandatory,11.0,11.0,non_mandatory,1,36,social1,1,2694.0,1,1,4,1out_4in
2694,470,10824,584108.0,Home,1239,191030597,19103059703,3,school,4416.0,782102.0,other,1,6,470,1239,2703,0,0,WALK_LOC,,mandatory,7.0,7.0,mandatory,1,31,school1,3,2695.0,3,0,5,0out_5in
2695,383,27803,1245052.0,Home,1080,191030701,19103070101,3,work,23243.0,13257.0,other,2,6,393,1080,2704,0,0,SHARED3FREE,,mandatory,6.0,6.0,mandatory,1,39,work1,1,2696.0,1,1,5,1out_5in
2710,464,16192,1107412.0,Home,1231,191031376,19103137601,3,work,11084.0,754779.0,Work,1,6,464,1231,2719,0,0,BIKE,,mandatory,7.0,7.0,mandatory,1,39,work1,1,2711.0,1,0,5,0out_5in
2784,494,25627,585310.0,Home,1067,191032787,19103278702,3,work,10538.0,695867.0,other,5,2,797,1067,2793,0,0,SHARED3FREE,,mandatory,8.0,8.0,mandatory,1,39,work1,2,2785.0,2,4,1,4out_1in
2847,515,9832,1246206.0,Home,993,191035109,19103510901,3,work,23258.0,1160215.0,other,2,5,599,993,2856,0,0,WALK_LOC,,mandatory,8.0,8.0,mandatory,1,39,work1,1,2848.0,1,1,4,1out_4in
2850,1046,21959,915527.0,Home,1431,191035184,19103518401,3,social,12097.0,794915.0,other,1,7,1046,1431,2859,0,0,SHARED2FREE,,non_mandatory,17.0,17.0,non_mandatory,1,36,social1,1,2851.0,1,0,6,0out_6in
2867,510,6651,710869.0,Home,1301,191036091,19103609101,3,school,3389.0,857703.0,other,5,2,879,1301,2876,0,0,WALK_LOC,,mandatory,8.0,8.0,mandatory,1,31,school1,1,2868.0,1,4,1,4out_1in
2880,460,7735,833063.0,Home,1049,191036345,19103634501,3,work,23358.0,1015503.0,Work,1,5,460,1049,2889,0,0,WALK_LOC,,mandatory,7.0,7.0,mandatory,1,39,work1,1,2881.0,1,0,4,0out_4in
2906,532,9780,1034063.0,Home,1224,191037257,19103725701,3,work,7118.0,689012.0,Work,1,6,1084,565,2915,1,0,DRIVEALONEFREE,,mandatory,8.0,8.0,mandatory,1,39,work1,1,2907.0,1,0,5,0out_5in
2929,428,18580,609482.0,Home,1001,191037663,19103766301,3,work,19365.0,885035.0,other,6,1,804,1001,2938,0,0,DRIVEALONEFREE,,mandatory,7.0,7.0,mandatory,1,39,work1,1,2930.0,1,5,0,5out_0in
2930,690,59293,1242771.0,Home,1412,191037722,19103772201,3,work,31955.0,1019683.0,other,6,1,843,1412,2939,0,0,DRIVEALONEFREE,,mandatory,11.0,11.0,mandatory,1,39,work1,1,2931.0,1,5,0,5out_0in
2963,526,38692,220727.0,Home,660,191038305,19103830502,3,shopping,36081.0,528652.0,other,5,1,625,660,2971,0,0,SHARED3FREE,,joint,8.0,8.0,non_mandatory,1,33,shopping1,2,2969.0,2,4,0,4out_0in
2986,520,21330,591153.0,Home,1067,191038667,19103866702,3,work,24308.0,56670.0,other,5,3,812,1067,2996,0,0,SHARED3FREE,,mandatory,8.0,8.0,mandatory,1,39,work1,2,2987.0,2,4,2,4out_2in
3018,569,8745,601855.0,Home,938,191040028,19104002801,3,shopping,31676.0,1137573.0,other,5,1,767,938,3026,0,0,WALK_LR,,non_mandatory,9.0,9.0,non_mandatory,2,34,shopping2,1,3019.0,1,4,0,4out_0in
3024,628,26150,748005.0,Home,1283,191040319,19104031901,3,school,3390.0,857703.0,other,6,1,944,1283,3034,0,0,WALK_LOC,,mandatory,10.0,10.0,mandatory,1,31,school1,1,3025.0,1,5,0,5out_0in
3036,518,5410,1275910.0,Home,1108,191041251,19104125101,3,eatout,33452.0,1152332.0,other,5,1,764,1108,3045,0,0,DRIVEALONEFREE,,non_mandatory,8.0,8.0,non_mandatory,1,6,eatout1,1,3037.0,1,4,0,4out_0in
3052,501,24321,104123.0,Home,1388,191041942,19104194201,3,work,20623.0,81128.0,other,1,6,501,1388,3061,0,0,WALK_LR,,mandatory,8.0,8.0,mandatory,1,39,work1,1,3053.0,1,0,5,0out_5in
3070,479,23473,948797.0,Home,936,191042312,19104231201,3,social,1567.0,691386.0,other,4,8,580,936,3078,0,0,SHARED2FREE,,non_mandatory,7.0,7.0,non_mandatory,1,36,social1,1,3071.0,1,3,7,3out_7in
3073,951,13116,662469.0,Home,1238,191042570,19104257001,3,eatout,14440.0,927217.0,other,6,1,1121,1238,3083,0,0,SHARED2FREE,,non_mandatory,15.0,15.0,non_mandatory,1,6,eatout1,1,3074.0,1,5,0,5out_0in
3076,540,3894,52957.0,Home,1156,191042751,19104275101,3,work,17735.0,1214338.0,other,2,5,589,1156,3085,0,0,WALK_LR,,mandatory,9.0,9.0,mandatory,1,39,work1,1,3077.0,1,1,4,1out_4in
3081,530,19502,1079118.0,Home,737,191042965,19104296502,3,work,15992.0,86877.0,other,7,4,627,737,3090,0,0,SHARED2FREE,,mandatory,8.0,8.0,mandatory,2,40,work2,2,3082.0,2,6,3,6out_3in
3093,408,42400,314285.0,Home,910,191043365,19104336502,3,work,45650.0,346537.0,other,1,5,408,910,3102,0,0,SHARED2FREE,,mandatory,6.0,6.0,mandatory,1,39,work1,2,3094.0,2,0,4,0out_4in
3099,569,29337,1012891.0,Home,973,191043613,19104361301,3,social,15389.0,711315.0,other,6,1,801,973,3108,0,0,SHARED2FREE,,non_mandatory,9.0,9.0,non_mandatory,1,36,social1,1,3100.0,1,5,0,5out_0in
3108,460,15700,990487.0,Home,1059,191044067,19104406701,3,work,34091.0,864248.0,Work,1,5,858,482,3118,1,0,SHARED2FREE,,mandatory,7.0,7.0,mandatory,1,39,work1,1,3109.0,1,0,4,0out_4in
3114,441,21437,1075351.0,Home,1116,191044322,19104432201,3,work,23087.0,1042791.0,Work,7,2,520,1116,3124,0,0,WALK_LOC,,mandatory,7.0,7.0,mandatory,1,39,work1,1,3115.0,1,6,1,6out_1in
3138,484,13139,750085.0,Home,1404,191044974,19104497401,3,work,12656.0,709135.0,other,2,9,509,1404,3148,0,0,WALK_LOC,,mandatory,8.0,8.0,mandatory,1,39,work1,1,3139.0,1,1,8,1out_8in
3149,469,20248,854148.0,Home,1056,191045523,19104552302,3,work,7925.0,953164.0,Work,2,5,933,513,3160,1,0,SHARED2FREE,,mandatory,7.0,7.0,mandatory,1,39,work1,2,3150.0,2,1,4,1out_4in
3156,403,14633,778045.0,Home,1020,191045639,19104563901,3,work,19896.0,939363.0,other,5,3,545,1020,3167,0,0,DRIVEALONEFREE,,mandatory,6.0,6.0,mandatory,1,39,work1,1,3157.0,1,4,2,4out_2in
3198,410,57293,760298.0,Home,993,191047526,19104752601,3,work,56039.0,885617.0,other,1,5,410,993,3209,0,0,SHARED2FREE,,mandatory,6.0,6.0,mandatory,1,39,work1,1,3199.0,1,0,4,0out_4in
3251,331,13416,681968.0,Home,842,191048423,19104842301,3,work,14140.0,1068823.0,other,5,2,645,842,3262,0,0,DRIVEALONEFREE,,mandatory,5.0,5.0,mandatory,1,39,work1,1,3252.0,1,4,1,4out_1in
3292,648,30217,1119603.0,Home,1143,191049371,19104937101,3,work,27533.0,745047.0,other,1,16,648,1143,3303,0,0,DRIVEALONEFREE,,mandatory,10.0,10.0,mandatory,1,39,work1,1,3293.0,1,0,15,0out_15in
3294,531,30000,898205.0,Home,1147,191049378,19104937801,3,work,11518.0,968696.0,other,5,2,711,1147,3306,0,0,WALK_LOC,,mandatory,8.0,8.0,mandatory,1,39,work1,1,3295.0,1,4,1,4out_1in
3320,1059,7622,796903.0,Home,1412,191050268,19105026801,3,social,26952.0,1158414.0,other,1,5,1059,1412,3331,0,0,WALK_LR,,non_mandatory,17.0,17.0,non_mandatory,1,36,social1,1,3321.0,1,0,4,0out_4in
3342,605,20042,955547.0,Home,902,191050923,19105092302,3,shopping,20042.0,30102.0,other,5,1,668,902,3353,0,0,WALK,,non_mandatory,10.0,10.0,non_mandatory,1,33,shopping1,2,3343.0,2,4,0,4out_0in
3393,772,49995,386815.0,Home,103,191052596,19105259602,3,work,52739.0,204569.0,Work,3,9,818,103,3404,0,0,SHARED2FREE,,mandatory,12.0,12.0,mandatory,1,39,work1,2,3394.0,2,2,8,2out_8in
3416,446,49864,276888.0,Home,1024,192001145,19200114502,3,work,49046.0,258524.0,other,5,3,654,1024,3428,0,0,DRIVEALONEFREE,,mandatory,7.0,7.0,mandatory,1,39,work1,2,3417.0,2,4,2,4out_2in
3420,281,49446,373409.0,Home,1156,192001227,19200122701,3,work,46294.0,290933.0,other,1,6,281,1156,3432,0,0,SHARED2FREE,,mandatory,5.0,5.0,mandatory,1,39,work1,1,3421.0,1,0,5,0out_5in
3446,867,4683,1048439.0,Home,1247,192002783,19200278301,3,eatout,23683.0,605615.0,other,5,1,1074,1247,3459,0,0,SHARED3FREE,,non_mandatory,14.0,14.0,non_mandatory,1,6,eatout1,1,3447.0,1,4,0,4out_0in
3450,1074,20582,1048439.0,Home,1401,192002783,19200278302,3,eatout,23683.0,605615.0,other,1,6,1074,1401,3463,0,0,SHARED3FREE,,non_mandatory,17.0,17.0,non_mandatory,1,6,eatout1,2,3451.0,2,0,5,0out_5in
3476,517,52545,564647.0,Home,1030,192004301,19200430101,3,work,9033.0,796629.0,other,4,5,637,1030,3488,0,0,DRIVEALONEFREE,,mandatory,8.0,8.0,mandatory,1,39,work1,1,3477.0,1,3,4,3out_4in
3477,531,52474,254737.0,Home,1294,192004303,19200430301,3,work,53849.0,274740.0,other,5,1,1036,1294,3489,0,0,DRIVEALONEFREE,,mandatory,8.0,8.0,mandatory,1,39,work1,1,3478.0,1,4,0,4out_0in
3488,271,47112,231847.0,Home,1068,192006099,19200609901,3,work,2620.0,734026.0,Work,1,9,271,1068,3500,0,0,WALK_COM,,mandatory,5.0,5.0,mandatory,1,39,work1,1,3489.0,1,0,8,0out_8in
3497,809,50117,360446.0,Home,1424,192006199,19200619902,3,eatout,12572.0,955155.0,other,3,23,893,1424,3509,0,0,SHARED3FREE,,non_mandatory,13.0,13.0,non_mandatory,1,6,eatout1,2,3498.0,2,2,22,2out_22in
3500,545,35272,1062039.0,Home,1110,192006823,19200682302,3,social,14826.0,738199.0,other,1,5,545,1110,3512,0,0,SHARED2FREE,,non_mandatory,9.0,9.0,non_mandatory,1,36,social1,2,3501.0,2,0,4,0out_4in
3514,489,38872,175642.0,Home,828,192007369,19200736902,3,work,37125.0,226790.0,other,1,5,489,828,3526,0,0,DRIVEALONEFREE,,mandatory,8.0,8.0,mandatory,1,39,work1,2,3515.0,2,0,4,0out_4in
3522,732,40490,503443.0,Home,1223,192009014,19200901401,3,work,52474.0,215456.0,other,10,1,972,1223,3535,0,0,SHARED2FREE,,mandatory,12.0,12.0,mandatory,1,39,work1,1,3523.0,1,9,0,9out_0in
3523,733,40490,503443.0,Home,1267,192009014,19200901403,3,work,48859.0,551305.0,other,10,2,1080,1267,3536,0,0,DRIVEALONEFREE,,mandatory,12.0,12.0,mandatory,1,39,work1,3,3524.0,3,9,1,9out_1in
3541,687,65540,749106.0,Home,1020,192010950,19201095002,3,work,56551.0,1104573.0,Work,3,5,700,1020,3555,0,0,DRIVEALONEFREE,,mandatory,11.0,11.0,mandatory,1,39,work1,2,3542.0,2,2,4,2out_4in
3561,345,19009,589605.0,Home,1085,192013909,19201390902,3,work,31907.0,727466.0,Work,1,6,345,1085,3574,0,0,DRIVEALONEFREE,,mandatory,5.0,5.0,mandatory,1,39,work1,2,3562.0,2,0,5,0out_5in
3570,541,62110,145885.0,Home,1373,192015188,19201518801,3,work,46479.0,467812.0,other,5,1,936,1373,3584,0,0,DRIVEALONEFREE,,mandatory,9.0,9.0,mandatory,1,39,work1,1,3571.0,1,4,0,4out_0in
3585,414,42729,189723.0,Home,1310,192015332,19201533201,3,escort,32612.0,628135.0,other,5,3,465,1310,3598,0,0,SHARED3FREE,,non_mandatory,6.0,6.0,non_mandatory,1,9,escort1,1,3586.0,1,4,2,4out_2in
623,733,37567,240297.0,Home,1027,17125333,1712533301,3,othmaint,36494.0,,other,6,1,908,1027,626,0,0,SHARED3FREE,,non_mandatory,12.0,12.0,non_mandatory,1,28,othmaint1,1,,0,5,0,5out_0in
626,733,37567,240297.0,Home,1027,17125333,1712533304,3,othmaint,36494.0,,other,6,1,908,1027,629,0,0,SHARED3FREE,,non_mandatory,12.0,12.0,non_mandatory,1,28,othmaint1,4,,0,5,0,5out_0in
1134,479,30985,1046113.0,Home,1024,17143154,1714315401,3,-1,23523.0,,other,9,2,720,1024,1138,0,0,DRIVEALONEFREE,,non_mandatory,7.0,7.0,non_mandatory,1,-11,-11,1,,0,8,1,8out_1in
1874,585,3248,,Home,1389,191011182,19101118204,3,othmaint,13496.0,1210832.0,other,3,5,809,1389,1880,0,0,WALK_FRY,,non_mandatory,9.0,9.0,non_mandatory,1,28,othmaint1,4,,0,2,4,2out_4in
2088,440,36122,,Work,900,191016701,19101670101,3,work,36122.0,,other,1,6,440,446,2094,0,2093,SHARED2FREE,,mandatory,7.0,7.0,mandatory,2,40,work2,1,,0,0,5,0out_5in
